0.32104,0.088169,0.44866,3.7293,0.97628,0.98858,0.048386,1
0.32195,0.088233,0.44989,3.7399,0.97609,0.98851,0.048721,1
0.3216,0.088099,0.44852,3.7449,0.97604,0.98841,0.048834,1
0.32154,0.087962,0.44766,3.7469,0.97598,0.9884,0.048963,1
0.32197,0.088211,0.44708,3.7374,0.97589,0.98835,0.049079,1
0.32052,0.087915,0.44618,3.7305,0.97581,0.98829,0.049231,1
0.31912,0.087521,0.44397,3.7126,0.97603,0.98832,0.048766,1
0.31949,0.086901,0.44346,3.7019,0.976,0.98827,0.048824,1
0.32009,0.087315,0.44351,3.7066,0.97595,0.98824,0.048995,1
0.32233,0.087374,0.443,3.6906,0.97607,0.98831,0.048757,1
0.32113,0.086193,0.44497,3.6736,0.97634,0.98844,0.048211,1
0.31591,0.08469,0.44527,3.6384,0.97676,0.9886,0.047346,1
0.33407,0.081678,0.39963,3.1533,0.96849,0.99256,0.065736,1
0.35515,0.088028,0.39652,3.1209,0.97028,0.99295,0.061809,1
0.34189,0.082566,0.39817,3.064,0.97064,0.99299,0.060885,1
0.34877,0.086319,0.39635,3.0155,0.97188,0.99329,0.058077,1
0.34013,0.07049,0.42114,3.4421,0.9691,0.9893,0.064141,1
0.34222,0.070182,0.42121,3.4356,0.96943,0.98946,0.063389,1
0.35014,0.071405,0.42213,3.4257,0.96896,0.98972,0.064219,1
0.33007,0.12004,0.37327,3.2705,0.96889,0.99322,0.063434,1
0.32899,0.12261,0.37282,3.2974,0.96873,0.9932,0.063802,1
0.32871,0.12127,0.37298,3.276,0.96877,0.9932,0.063788,1
0.32947,0.12192,0.37332,3.2971,0.96891,0.99323,0.063501,1
0.32937,0.12067,0.37387,3.2911,0.96868,0.99317,0.064001,1
0.3294,0.12117,0.37404,3.2944,0.9686,0.99315,0.064138,1
0.27706,0.1005,0.43858,3.3765,0.96942,0.98761,0.061686,1
0.27212,0.10152,0.43904,3.4169,0.96882,0.98766,0.062909,1
0.27601,0.10076,0.43533,3.4373,0.96925,0.98799,0.062053,1
0.28037,0.1011,0.43295,3.4922,0.96825,0.98795,0.064099,1
0.36664,0.10312,0.41308,4.8361,0.95159,0.98473,0.10346,1
0.37245,0.10354,0.4113,4.8329,0.95167,0.98503,0.1034,1
0.37458,0.1011,0.41273,4.8055,0.95189,0.98507,0.10285,1
0.37505,0.10214,0.41034,4.7979,0.95228,0.98522,0.10223,1
0.37975,0.10182,0.40959,4.7765,0.95273,0.98539,0.10127,1
0.37937,0.10227,0.40858,4.7673,0.95305,0.98563,0.10079,1
0.3828,0.10149,0.40844,4.7409,0.95297,0.98565,0.10086,1
0.38472,0.10061,0.40825,4.7177,0.95375,0.98587,0.099282,1
0.38446,0.097772,0.40948,4.6784,0.95407,0.98597,0.098237,1
0.38984,0.10182,0.41352,4.576,0.95602,0.98649,0.094396,1
0.38896,0.10307,0.41287,4.5744,0.95583,0.98646,0.094913,1
0.38949,0.10424,0.41137,4.5672,0.95578,0.98648,0.094961,1
0.39215,0.10394,0.41156,4.5628,0.95578,0.98652,0.094622,1
0.26718,0.086071,0.43417,2.9331,0.9715,0.99238,0.057752,1
0.3163,0.079788,0.38702,2.6748,0.97342,0.99343,0.054669,1
0.32496,0.070217,0.38974,2.6215,0.9724,0.9931,0.056692,1
0.32754,0.070678,0.38796,2.6121,0.9724,0.99309,0.056809,1
0.32498,0.070907,0.39079,2.6388,0.97155,0.99287,0.058481,1
0.3236,0.071174,0.38922,2.6225,0.97082,0.9927,0.060013,1
0.32068,0.071744,0.39099,2.6644,0.97036,0.99258,0.060876,1
0.32233,0.071935,0.39035,2.658,0.97071,0.99262,0.060268,1
0.32531,0.069587,0.38978,2.621,0.97076,0.9927,0.060121,1
0.32136,0.070081,0.39123,2.6399,0.97054,0.99254,0.060616,1
0.30345,0.11319,0.44051,3.562,0.96776,0.98756,0.066879,1
0.30169,0.11054,0.44341,3.5615,0.96782,0.98745,0.06671,1
0.30303,0.11143,0.44089,3.6105,0.96755,0.98732,0.066954,1
0.303,0.11173,0.44063,3.6116,0.96765,0.98735,0.066877,1
0.30242,0.1111,0.44124,3.64,0.96716,0.98716,0.06786,1
0.31357,0.075828,0.48457,1.8651,0.98382,0.99229,0.032914,1
0.31197,0.075252,0.48473,1.8496,0.98409,0.99237,0.032427,1
0.31289,0.075971,0.48214,1.854,0.98459,0.99274,0.031396,1
0.3128,0.075444,0.48089,1.8447,0.98514,0.99301,0.030346,1
0.31362,0.076021,0.47745,1.8444,0.98527,0.99319,0.030013,1
0.31249,0.064773,0.43044,3.0021,0.9694,0.98747,0.062518,1
0.32445,0.10314,0.44641,2.2285,0.98303,0.99179,0.03435,1
0.32451,0.10339,0.44571,2.2259,0.98279,0.99169,0.034863,1
0.32458,0.103,0.44613,2.2184,0.98295,0.99176,0.034506,1
0.32405,0.10336,0.44521,2.2212,0.98295,0.99179,0.034536,1
0.3236,0.1028,0.44586,2.2115,0.98304,0.9918,0.034394,1
0.32246,0.10336,0.44571,2.2151,0.98271,0.99167,0.035045,1
0.28887,0.11464,0.46114,3.5094,0.96779,0.98112,0.065248,1
0.28856,0.11462,0.4613,3.5085,0.96774,0.98095,0.065339,1
0.28772,0.11337,0.46287,3.5228,0.96753,0.98046,0.065721,1
0.28635,0.11034,0.46562,3.5049,0.96788,0.98018,0.064915,1
0.287,0.11082,0.46554,3.5175,0.96774,0.97987,0.065262,1
0.36082,0.060714,0.43055,2.884,0.97405,0.98896,0.052067,1
0.39301,0.060336,0.43265,2.8739,0.97381,0.98891,0.052586,1
0.39436,0.066254,0.42873,2.8529,0.97312,0.9891,0.053962,1
0.4284,0.055221,0.42933,3.3821,0.96765,0.98182,0.06699,1
0.43785,0.053727,0.4362,3.3598,0.96767,0.97861,0.066867,1
0.41179,0.077599,0.42921,4.9739,0.95189,0.98116,0.10306,1
0.41093,0.079114,0.42991,4.9307,0.95055,0.98101,0.10563,1
0.43876,0.080792,0.43279,4.9485,0.9506,0.98124,0.10565,1
0.32168,0.082141,0.40756,3.9131,0.9623,0.98894,0.080363,1
0.40824,0.069214,0.431,3.7884,0.96453,0.98629,0.072473,1
0.41126,0.069655,0.43148,3.7763,0.96456,0.98631,0.072476,1
0.41526,0.069054,0.43194,3.7631,0.96486,0.98641,0.071908,1
0.41483,0.070212,0.43027,3.7682,0.96501,0.98648,0.071574,1
0.42079,0.070682,0.43037,3.7673,0.96503,0.98655,0.071629,1
0.41774,0.069955,0.43065,3.7428,0.96515,0.98664,0.07134,1
0.32472,0.071528,0.41636,4.2385,0.96123,0.98423,0.081997,1
0.34756,0.061014,0.41844,4.2508,0.96165,0.98496,0.081183,1
0.34195,0.067441,0.40998,3.9852,0.96245,0.98534,0.079762,1
0.34886,0.064703,0.41193,3.9703,0.96249,0.98554,0.079825,1
0.32566,0.06441,0.41328,4.0125,0.96184,0.98558,0.081313,1
0.35542,0.063959,0.45554,3.5311,0.97122,0.97962,0.058027,1
0.3599,0.063605,0.45573,3.5396,0.97061,0.9795,0.059264,1
0.33937,0.065777,0.45358,3.5365,0.97088,0.97991,0.058721,1
0.33982,0.065836,0.45352,3.5481,0.97055,0.98012,0.059325,1
0.27853,0.077013,0.40887,3.481,0.96625,0.98872,0.0694,1
0.27101,0.07338,0.41283,3.4908,0.96723,0.9888,0.06747,1
0.34582,0.064858,0.45427,3.5339,0.97067,0.98067,0.059238,1
0.34856,0.067385,0.45044,3.5373,0.97097,0.98148,0.058648,1
0.34574,0.050232,0.42134,3.8328,0.96513,0.98383,0.073155,1
0.35016,0.049922,0.42155,3.8275,0.96531,0.98335,0.072631,1
0.34663,0.050066,0.42259,3.8541,0.96483,0.98279,0.073635,1
0.35326,0.053299,0.42121,3.9028,0.96441,0.98244,0.07451,1
0.34913,0.053054,0.42574,3.8302,0.96455,0.98228,0.074156,1
0.32682,0.078852,0.41028,3.4634,0.9671,0.98926,0.066517,1
0.32094,0.082768,0.408,3.4218,0.96752,0.98963,0.065709,1
0.31968,0.082346,0.41076,3.4113,0.96757,0.98956,0.065503,1
0.32256,0.082055,0.41464,3.374,0.96728,0.98955,0.066116,1
0.32485,0.081683,0.41446,3.3072,0.96733,0.98958,0.06601,1
0.32846,0.078007,0.41614,3.2788,0.96764,0.98957,0.065403,1
0.37783,0.080782,0.40501,4.3565,0.96063,0.98579,0.082192,1
0.37893,0.078899,0.40564,4.3295,0.96092,0.9858,0.081505,1
0.37864,0.082513,0.40467,4.3413,0.96099,0.9858,0.08139,1
0.37142,0.078786,0.40857,4.3168,0.96148,0.98559,0.080336,1
0.39862,0.072494,0.41263,4.2601,0.9622,0.98558,0.07881,1
0.40015,0.07556,0.41052,4.2745,0.96205,0.98548,0.078826,1
0.31011,0.070855,0.43166,3.6155,0.96259,0.98751,0.075661,1
0.31551,0.074214,0.42275,3.5803,0.964,0.98784,0.072659,1
0.3636,0.060666,0.4468,4.4323,0.95275,0.97319,0.099329,1
0.36976,0.059458,0.44939,4.4505,0.95272,0.97265,0.099204,1
0.3687,0.06061,0.44791,4.4587,0.95294,0.97255,0.099058,1
0.36752,0.062691,0.44899,4.5326,0.9525,0.97137,0.099803,1
0.36436,0.063616,0.44852,4.5299,0.95237,0.97121,0.10004,1
0.36796,0.0644,0.44831,4.5813,0.95158,0.97074,0.10185,1
0.35624,0.06715,0.44579,4.6368,0.9504,0.97054,0.10432,1
0.35653,0.068154,0.44578,4.644,0.95009,0.97066,0.10495,1
0.3454,0.074662,0.44127,4.7698,0.94934,0.97193,0.10692,1
0.37987,0.072085,0.44394,4.7796,0.94937,0.97219,0.10695,1
0.38016,0.074096,0.44303,4.8425,0.94955,0.97292,0.10701,1
0.37619,0.076388,0.44185,4.8545,0.94991,0.9736,0.10628,1
0.31487,0.095585,0.45842,3.3307,0.97093,0.98219,0.059241,1
0.31559,0.095385,0.45791,3.3462,0.97102,0.98224,0.059015,1
0.31457,0.095518,0.45756,3.3486,0.97081,0.98222,0.059346,1
0.31446,0.095855,0.45752,3.3497,0.97089,0.9822,0.059237,1
0.31379,0.094968,0.45767,3.3478,0.97076,0.98205,0.059624,1
0.3177,0.094793,0.45797,3.3502,0.97073,0.98201,0.059671,1
0.31523,0.094917,0.4575,3.3557,0.97066,0.982,0.059849,1
0.34986,0.095072,0.43456,4.4568,0.95811,0.98756,0.086512,1
0.32576,0.10159,0.43183,4.5732,0.95605,0.98774,0.090404,1
0.33351,0.1124,0.42702,4.3922,0.95735,0.98857,0.087526,1
0.36358,0.10312,0.42009,4.2474,0.95898,0.98811,0.084312,1
0.34947,0.099937,0.41171,4.2435,0.95902,0.98716,0.084501,1
0.35132,0.11481,0.38614,4.3312,0.95807,0.98577,0.086647,1
0.34217,0.086878,0.41227,4.1683,0.96144,0.98479,0.080011,1
0.34271,0.088364,0.41105,4.2175,0.96157,0.98555,0.079843,1
0.32295,0.091495,0.41469,4.2612,0.96095,0.98636,0.080969,1
0.31318,0.093554,0.41627,4.2956,0.96142,0.98687,0.080147,1
0.34177,0.089215,0.41843,4.3044,0.96177,0.98693,0.079566,1
0.31836,0.10677,0.39903,4.6904,0.9562,0.98676,0.091643,1
0.32956,0.11308,0.42197,4.6541,0.95483,0.98849,0.094191,1
0.32924,0.10772,0.43621,4.5739,0.95567,0.98898,0.092589,1
0.34613,0.10741,0.42445,4.4085,0.95831,0.98936,0.087252,1
0.32326,0.12132,0.38325,3.545,0.96266,0.99133,0.075859,1
0.32626,0.12121,0.38447,3.5433,0.96191,0.99107,0.077284,1
0.32085,0.12026,0.3854,3.5584,0.9624,0.99118,0.076303,1
0.3153,0.119,0.38555,3.5159,0.96244,0.99109,0.076165,1
0.34957,0.11415,0.38693,3.4835,0.96347,0.99126,0.074177,1
0.39873,0.13383,0.42202,5.6013,0.94215,0.98223,0.11885,1
0.38944,0.132,0.42637,5.6921,0.94267,0.98206,0.1178,1
0.34611,0.069331,0.40083,3.8762,0.9638,0.98546,0.075152,1
0.34334,0.068851,0.40129,3.8755,0.96393,0.98542,0.074818,1
0.34381,0.066002,0.40481,3.8567,0.96467,0.98572,0.073408,1
0.35171,0.070801,0.4011,3.8798,0.96401,0.98565,0.074633,1
0.34394,0.066792,0.40322,3.8649,0.96456,0.98572,0.073588,1
0.35158,0.070817,0.40102,3.8774,0.96401,0.98559,0.074724,1
0.35244,0.070846,0.40096,3.8883,0.96394,0.98554,0.074743,1
0.39635,0.10994,0.43276,7.403,0.92594,0.97169,0.15338,1
0.39634,0.10962,0.43327,7.4006,0.92586,0.97159,0.15356,1
0.39761,0.1109,0.43244,7.4104,0.92564,0.97163,0.15397,1
0.40162,0.10728,0.4355,7.3608,0.92653,0.97162,0.1522,1
0.39677,0.10836,0.4342,7.3644,0.92624,0.97158,0.15267,1
0.39649,0.11008,0.43292,7.3993,0.92572,0.97161,0.15396,1
0.39535,0.11071,0.4326,7.4126,0.92559,0.97165,0.15417,1
0.39934,0.10658,0.43546,7.361,0.92653,0.97162,0.15223,1
0.39431,0.10956,0.43351,7.4143,0.92556,0.97155,0.15438,1
0.39808,0.10788,0.43491,7.383,0.92612,0.97156,0.15321,1
0.39591,0.11079,0.43253,7.4153,0.92546,0.97164,0.1542,1
0.39885,0.1075,0.43556,7.3818,0.92617,0.97154,0.15299,1
0.3976,0.11001,0.43337,7.3995,0.92596,0.97155,0.15353,1
0.40014,0.10818,0.43469,7.3695,0.92644,0.97153,0.15246,1
0.39724,0.11228,0.4319,7.4229,0.92561,0.97167,0.15412,1
0.39737,0.11046,0.43382,7.4184,0.92593,0.97177,0.15334,1
0.39853,0.11072,0.43395,7.4204,0.92569,0.97167,0.15384,1
0.39699,0.11263,0.4322,7.4292,0.92548,0.97161,0.15424,1
0.39707,0.11054,0.4322,7.3869,0.92567,0.97165,0.15399,1
0.39562,0.11071,0.43207,7.3852,0.92554,0.97171,0.15411,1
0.39504,0.11028,0.43204,7.4122,0.92557,0.97176,0.15414,1
0.39929,0.10798,0.43377,7.3597,0.92612,0.97174,0.15285,1
0.36263,0.10795,0.37914,3.6467,0.96597,0.99153,0.071985,1
0.36006,0.10607,0.37794,3.5952,0.96621,0.99166,0.07095,1
0.35837,0.10727,0.37613,3.5857,0.96598,0.99162,0.07135,1
0.35728,0.10437,0.37778,3.5763,0.96629,0.99164,0.070785,1
0.35386,0.10453,0.37962,3.6025,0.96591,0.99159,0.071749,1
0.35486,0.11344,0.37579,3.6377,0.96583,0.99164,0.071909,1
0.35489,0.1072,0.37699,3.6153,0.96587,0.99152,0.071686,1
0.35641,0.096265,0.38211,3.5914,0.96659,0.9915,0.07049,1
0.36526,0.10494,0.38076,3.639,0.96587,0.99156,0.071673,1
0.36189,0.1025,0.3822,3.6533,0.96566,0.99148,0.072001,1
0.36482,0.096901,0.38346,3.6325,0.96631,0.99125,0.070702,1
0.36601,0.099703,0.38418,3.657,0.96623,0.99125,0.070803,1
0.36556,0.096316,0.386,3.6384,0.96613,0.99113,0.071035,1
0.36963,0.094708,0.38636,3.6804,0.96571,0.99069,0.072091,1
0.30689,0.08877,0.42287,5.507,0.95326,0.98312,0.098081,1
0.3017,0.091827,0.42128,5.5449,0.95286,0.98306,0.098953,1
0.30484,0.091717,0.42102,5.5545,0.95304,0.98314,0.098555,1
0.29643,0.088514,0.42365,5.5025,0.95334,0.98307,0.097936,1
0.30196,0.089099,0.4215,5.499,0.95353,0.98305,0.097547,1
0.30556,0.090194,0.4209,5.5032,0.95336,0.98297,0.097986,1
0.30406,0.090928,0.42218,5.5308,0.95312,0.98298,0.098441,1
0.30615,0.091715,0.42206,5.5366,0.95305,0.98294,0.09868,1
0.30527,0.09101,0.42226,5.5284,0.95317,0.98291,0.098474,1
0.30538,0.09149,0.42215,5.5366,0.95315,0.98288,0.098405,1
0.30393,0.090971,0.42238,5.5134,0.95308,0.9828,0.098548,1
0.3787,0.082757,0.41936,5.0653,0.95312,0.98134,0.10055,1
0.3789,0.084543,0.41755,5.0758,0.95285,0.98121,0.10141,1
0.3799,0.087994,0.41689,5.0707,0.95311,0.98144,0.10082,1
0.38081,0.083248,0.42019,5.0409,0.95305,0.98133,0.10116,1
0.38462,0.083765,0.4205,5.0452,0.95282,0.98125,0.10157,1
0.38077,0.08228,0.41937,5.0114,0.95282,0.98118,0.10144,1
0.35553,0.076312,0.39624,3.3106,0.97184,0.99326,0.058657,1
0.35443,0.076313,0.3956,3.3182,0.97152,0.99318,0.05928,1
0.3613,0.081454,0.39344,3.3527,0.97068,0.99302,0.060976,1
0.35536,0.075986,0.39674,3.3388,0.97138,0.99321,0.059499,1
0.35444,0.07608,0.39606,3.3508,0.9714,0.99321,0.05947,1
0.34353,0.088497,0.40878,3.6711,0.96706,0.98762,0.067652,1
0.34085,0.087004,0.40842,3.6736,0.96688,0.98746,0.067807,1
0.33751,0.082613,0.40965,3.6554,0.96711,0.98733,0.067411,1
0.34159,0.088139,0.40699,3.6971,0.96666,0.98726,0.068405,1
0.35322,0.086986,0.40957,3.705,0.96661,0.98739,0.068457,1
0.35493,0.086803,0.4098,3.7026,0.96653,0.98735,0.068634,1
0.31227,0.072656,0.41808,3.1621,0.97112,0.99112,0.058988,1
0.31399,0.079323,0.41656,3.1889,0.97147,0.99168,0.058195,1
0.42483,0.083983,0.452,6.8972,0.93398,0.97305,0.14833,1
0.42682,0.086628,0.44201,6.8902,0.93309,0.9725,0.15005,1
0.43096,0.086666,0.43662,6.8628,0.93231,0.97158,0.15169,1
0.42919,0.088918,0.43207,7.1044,0.92977,0.97002,0.15849,1
0.42274,0.087507,0.42976,7.1052,0.93021,0.96995,0.15745,1
0.42301,0.091196,0.42545,7.2362,0.92912,0.9694,0.16053,1
0.41849,0.089488,0.42722,7.3706,0.92804,0.96895,0.16372,1
0.39153,0.064883,0.40776,5.1849,0.9508,0.97629,0.11041,1
0.38957,0.066987,0.40458,5.1363,0.95174,0.97626,0.10953,1
0.39388,0.068702,0.40653,5.1786,0.95107,0.97595,0.11106,1
0.3918,0.071934,0.41388,5.2572,0.95011,0.97634,0.11324,1
0.39679,0.069824,0.41823,5.3178,0.94822,0.97543,0.11699,1
0.31282,0.07281,0.40304,4.0285,0.96463,0.98947,0.073567,1
0.31222,0.073007,0.40272,4.0346,0.96459,0.98946,0.073709,1
0.31198,0.07449,0.40223,4.0365,0.96467,0.9895,0.073574,1
0.31069,0.072732,0.40282,4.0298,0.96466,0.98948,0.073518,1
0.31217,0.073624,0.40232,4.0405,0.96445,0.98945,0.073892,1
0.31192,0.07333,0.40258,4.0357,0.96462,0.98949,0.073593,1
0.31381,0.073721,0.40259,4.0419,0.9645,0.98945,0.073854,1
0.31141,0.073219,0.40287,4.0398,0.96442,0.98942,0.074005,1
0.31306,0.073281,0.40294,4.0438,0.96449,0.98943,0.073924,1
0.3114,0.073063,0.40294,4.0472,0.96439,0.98942,0.074073,1
0.31676,0.077759,0.40074,4.0854,0.96439,0.9895,0.074207,1
0.31179,0.073092,0.40305,4.0445,0.96457,0.98946,0.073703,1
0.31238,0.07336,0.40309,4.0507,0.9644,0.98941,0.074084,1
0.31163,0.073791,0.40267,4.0502,0.96455,0.98946,0.073788,1
0.31279,0.073816,0.4027,4.0508,0.96445,0.98943,0.074009,1
0.3145,0.074791,0.40221,4.0546,0.96459,0.98949,0.073718,1
0.31372,0.073193,0.40319,4.043,0.96436,0.98939,0.074162,1
0.31364,0.074024,0.40163,4.0385,0.96462,0.98946,0.07362,1
0.31308,0.073477,0.40181,4.0383,0.96473,0.98949,0.073417,1
0.31222,0.072935,0.40221,4.0328,0.96473,0.98946,0.073475,1
0.31164,0.074186,0.40159,4.0423,0.96467,0.98948,0.073536,1
0.31614,0.06424,0.42303,4.1284,0.95976,0.98442,0.08491,1
0.31792,0.063846,0.4218,4.1181,0.95983,0.9846,0.084809,1
0.33525,0.073877,0.42254,5.0059,0.95082,0.98034,0.10757,1
0.332,0.078556,0.41584,5.0672,0.95076,0.9807,0.10741,1
0.33753,0.077818,0.42028,5.1747,0.94908,0.98024,0.11093,1
0.3419,0.07283,0.42392,5.1767,0.94932,0.98021,0.11023,1
0.34631,0.073273,0.42236,5.1903,0.94958,0.98039,0.10963,1
0.3491,0.060845,0.44525,3.087,0.97137,0.98391,0.057926,1
0.34968,0.060122,0.44431,3.0862,0.9716,0.98408,0.057552,1
0.35066,0.059227,0.44476,3.0727,0.97218,0.98443,0.056316,1
0.32736,0.056386,0.44136,2.2434,0.97959,0.98981,0.040918,1
0.32628,0.055103,0.44334,2.2688,0.98028,0.99001,0.039634,1
0.32946,0.055631,0.44226,2.3029,0.97965,0.98983,0.040933,1
0.33311,0.055338,0.44021,2.3318,0.97916,0.98975,0.04189,1
0.33303,0.055683,0.43818,2.3698,0.97871,0.98961,0.042822,1
0.32761,0.060289,0.41781,4.0012,0.965,0.98745,0.071721,1
0.33509,0.061853,0.41678,4.0063,0.96479,0.98746,0.07208,1
0.33547,0.061336,0.41736,3.9893,0.96499,0.98751,0.071811,1
0.33233,0.089976,0.42832,5.8182,0.9459,0.97784,0.11964,1
0.33161,0.089531,0.42902,5.8074,0.94608,0.97782,0.11935,1
0.32961,0.090516,0.42799,5.8098,0.94598,0.9778,0.1195,1
0.32807,0.090923,0.42886,5.8025,0.94614,0.97776,0.11931,1
0.32904,0.089602,0.42931,5.7733,0.94643,0.97779,0.11861,1
0.32903,0.088935,0.42934,5.756,0.94655,0.97779,0.11827,1
0.32677,0.089877,0.4284,5.7489,0.94651,0.97781,0.11844,1
0.3265,0.090057,0.429,5.7532,0.94642,0.97779,0.11879,1
0.32869,0.089603,0.42864,5.7459,0.94686,0.978,0.11762,1
0.3293,0.090998,0.42764,5.7494,0.94658,0.97795,0.1184,1
0.3289,0.089781,0.42836,5.7338,0.94669,0.97798,0.11821,1
0.32957,0.088549,0.42835,5.689,0.94683,0.97806,0.11782,1
0.33127,0.089396,0.42854,5.6943,0.94637,0.97801,0.11847,1
0.3317,0.088867,0.42897,5.675,0.94689,0.97816,0.11754,1
0.33164,0.089108,0.42833,5.6728,0.94676,0.97818,0.11761,1
0.33256,0.089129,0.42845,5.6525,0.94695,0.97824,0.11733,1
0.33071,0.089785,0.42865,5.6491,0.94685,0.97822,0.11754,1
0.44995,0.077988,0.44646,4.6574,0.95498,0.9768,0.095141,1
0.44194,0.078807,0.44204,4.7217,0.95498,0.97722,0.095465,1
0.44821,0.077418,0.44429,4.7043,0.95455,0.97697,0.096471,1
0.44388,0.079925,0.44106,4.7558,0.95479,0.97735,0.096435,1
0.44224,0.079771,0.44098,4.7701,0.95465,0.97742,0.096805,1
0.44839,0.079102,0.44056,4.8019,0.95406,0.97719,0.098211,1
0.33104,0.052642,0.42408,2.5997,0.97685,0.98795,0.046752,1
0.33167,0.051696,0.42807,2.6281,0.97524,0.98688,0.049958,1
0.33588,0.052949,0.43047,2.6624,0.97395,0.98622,0.052561,1
0.33988,0.052445,0.43185,2.6922,0.97258,0.98523,0.055276,1
0.35383,0.053464,0.44988,3.4675,0.96612,0.98093,0.068596,1
0.36176,0.053552,0.45016,3.4923,0.96611,0.98079,0.068514,1
0.36333,0.053764,0.45129,3.5892,0.96571,0.98059,0.069322,1
0.42768,0.070685,0.45404,4.8799,0.9477,0.96347,0.10951,1
0.43753,0.070434,0.45764,4.9276,0.94841,0.96543,0.10798,1
0.39106,0.052611,0.45914,3.5575,0.96453,0.98579,0.074141,1
0.37998,0.06155,0.41875,3.7766,0.96531,0.98647,0.073947,1
0.3671,0.093634,0.39964,2.8514,0.971,0.99195,0.059299,1
0.36567,0.09353,0.39944,2.8445,0.97097,0.99194,0.059366,1
0.36774,0.094453,0.39898,2.8448,0.97095,0.99195,0.059402,1
0.36707,0.094012,0.39882,2.8447,0.97101,0.99197,0.059317,1
0.36295,0.090264,0.40033,2.8212,0.97145,0.99202,0.058377,1
0.3673,0.095303,0.3983,2.8508,0.97091,0.99196,0.059496,1
0.37038,0.082103,0.39006,3.6452,0.96221,0.98988,0.077389,1
0.37954,0.084844,0.38634,3.6539,0.96302,0.99027,0.075721,1
0.376,0.07871,0.38702,3.6141,0.96416,0.99048,0.07354,1
0.3815,0.080949,0.38508,3.6254,0.96431,0.99046,0.073273,1
0.36244,0.078091,0.38544,3.6195,0.96445,0.99032,0.0729,1
0.36311,0.07654,0.38731,3.619,0.96444,0.99019,0.072982,1
0.35921,0.080893,0.38647,3.6733,0.96465,0.99027,0.072573,1
0.37208,0.075605,0.38957,3.6569,0.96472,0.99014,0.072436,1
0.3823,0.073073,0.39266,3.6732,0.96444,0.9898,0.073171,1
0.35901,0.072029,0.39378,3.6924,0.96463,0.98977,0.07285,1
0.35202,0.075052,0.39367,3.735,0.96516,0.98994,0.071718,1
0.36481,0.071795,0.39689,3.7309,0.96571,0.98982,0.070597,1
0.37115,0.071832,0.39918,3.7528,0.96637,0.9897,0.069395,1
0.37714,0.068707,0.40386,3.75,0.96658,0.98911,0.068915,1
0.37782,0.072451,0.40308,3.7964,0.96613,0.98885,0.070003,1
0.38943,0.069154,0.40656,3.775,0.96699,0.98893,0.068125,1
0.38942,0.068766,0.40639,3.7759,0.96742,0.98884,0.067348,1
0.39924,0.067037,0.40928,3.7662,0.96783,0.98882,0.066546,1
0.37291,0.065292,0.40968,3.7593,0.96834,0.98895,0.065482,1
0.31186,0.11388,0.42277,4.9762,0.94551,0.98218,0.11224,1
0.32047,0.11805,0.41882,5.1247,0.94697,0.98315,0.10923,1
0.31869,0.11983,0.41905,5.1331,0.94683,0.98314,0.10926,1
0.41439,0.06838,0.4445,3.594,0.96907,0.98515,0.062554,1
0.4287,0.065695,0.44591,3.6456,0.96916,0.9852,0.062386,1
0.43153,0.063684,0.44661,3.6462,0.96909,0.98509,0.062593,1
0.38847,0.064196,0.44481,3.6763,0.96869,0.98478,0.063329,1
0.40477,0.060565,0.44648,3.7503,0.96893,0.98494,0.062881,1
0.40434,0.061339,0.44493,3.8086,0.96781,0.98434,0.065077,1
0.37155,0.067595,0.42094,3.8397,0.96621,0.98916,0.069673,1
0.37504,0.068274,0.42464,3.8238,0.96667,0.98913,0.068573,1
0.37932,0.067348,0.42657,3.8125,0.96645,0.98887,0.069015,1
0.37638,0.067745,0.42322,3.8006,0.96595,0.98852,0.069965,1
0.3807,0.066372,0.42412,3.8145,0.96562,0.98825,0.07063,1
0.38172,0.069796,0.4176,3.835,0.96494,0.98783,0.071879,1
0.38612,0.070664,0.41658,3.8687,0.96451,0.98734,0.072865,1
0.38402,0.068912,0.41713,3.8898,0.96417,0.98709,0.073497,1
0.38385,0.068844,0.41735,3.898,0.96379,0.98678,0.074371,1
0.39012,0.070204,0.41297,3.8937,0.963,0.98584,0.075959,1
0.37312,0.072529,0.41227,3.951,0.96312,0.98542,0.075834,1
0.31079,0.10204,0.43571,5.4141,0.94863,0.98242,0.10777,1
0.3186,0.10705,0.4355,5.5272,0.94741,0.98304,0.1103,1
0.32346,0.10308,0.4202,5.4763,0.94654,0.98044,0.11168,1
0.27876,0.1035,0.44237,5.8455,0.94656,0.97858,0.11081,1
0.27675,0.10415,0.43281,5.863,0.94694,0.97832,0.10975,1
0.28737,0.099015,0.43279,5.9735,0.94549,0.97694,0.1128,1
0.29433,0.098598,0.43376,6.0811,0.94423,0.97616,0.11544,1
0.29158,0.10136,0.42992,6.2919,0.94138,0.97425,0.12191,1
0.30383,0.097651,0.43367,6.3115,0.94152,0.97418,0.12163,1
0.31745,0.098531,0.42842,6.2835,0.94093,0.97339,0.12295,1
0.31066,0.098505,0.43305,6.3061,0.9402,0.97265,0.12463,1
0.32413,0.096215,0.43775,6.3344,0.93972,0.97305,0.12525,1
0.31446,0.094996,0.44818,6.3754,0.93971,0.97492,0.12508,1
0.29449,0.090892,0.44684,4.4478,0.95669,0.97931,0.089753,1
0.27348,0.096404,0.44275,4.8468,0.9506,0.97736,0.10283,1
0.27603,0.10014,0.43881,4.8851,0.95094,0.97856,0.10216,1
0.2771,0.097459,0.43891,4.8117,0.95323,0.98066,0.097683,1
0.28044,0.10337,0.43051,4.6719,0.95423,0.98206,0.095785,1
0.33467,0.12763,0.46996,4.0431,0.96714,0.98078,0.070131,1
0.34272,0.12743,0.46587,3.9779,0.96727,0.98057,0.069639,1
0.34098,0.1287,0.46406,3.9375,0.96691,0.98054,0.070481,1
0.33815,0.12733,0.46171,3.8578,0.96754,0.98087,0.069013,1
0.32823,0.12527,0.46167,3.8338,0.96815,0.98098,0.068278,1
0.43365,0.10382,0.42066,5.4542,0.94473,0.98395,0.11771,1
0.44185,0.10728,0.41573,5.3216,0.94283,0.98442,0.12098,1
0.44708,0.1047,0.41251,5.1936,0.9442,0.98462,0.11775,1
0.44155,0.10936,0.40265,5.0763,0.94732,0.98569,0.11136,1
0.41389,0.10932,0.39657,5.1348,0.94836,0.98602,0.10974,1
0.41342,0.11603,0.42439,6.5604,0.93037,0.97445,0.14836,1
0.40983,0.11915,0.41778,6.7047,0.92882,0.97416,0.15171,1
0.41191,0.11506,0.4204,6.6669,0.92942,0.97376,0.15056,1
0.4048,0.12051,0.41019,6.6378,0.9292,0.97284,0.15118,1
0.40191,0.11645,0.41078,6.6281,0.93082,0.97299,0.14856,1
0.39857,0.11769,0.415,6.7077,0.93106,0.97341,0.14846,1
0.38037,0.11216,0.41229,6.5899,0.93381,0.97415,0.14305,1
0.38948,0.10757,0.4219,6.5745,0.93462,0.97507,0.14201,1
0.38122,0.11597,0.41418,6.6481,0.93336,0.97539,0.14447,1
0.39702,0.11055,0.41484,6.6752,0.93353,0.97571,0.14445,1
0.33037,0.088509,0.4471,5.7609,0.94419,0.97163,0.11563,1
0.32807,0.090739,0.44584,5.8405,0.94322,0.97203,0.11737,1
0.34524,0.083481,0.45806,5.6232,0.94613,0.97355,0.11163,1
0.33327,0.082614,0.45669,5.4633,0.94823,0.9752,0.10716,1
0.35352,0.089231,0.43674,5.2546,0.94913,0.97865,0.10492,1
0.32843,0.09156,0.42284,5.1511,0.95041,0.97919,0.10184,1
0.31478,0.096696,0.42153,5.1889,0.94921,0.97955,0.10425,1
0.3425,0.099629,0.42141,5.6419,0.94619,0.98198,0.11029,1
0.34443,0.10099,0.41994,5.6732,0.94783,0.98249,0.10729,1
0.34033,0.10877,0.41772,5.7275,0.94701,0.98282,0.10904,1
0.35968,0.1097,0.42347,5.7422,0.94672,0.98322,0.10982,1
0.41899,0.114,0.41922,5.7966,0.94526,0.98337,0.11306,1
0.41557,0.11952,0.41183,5.9235,0.94268,0.98246,0.11857,1
0.40189,0.11634,0.41212,5.9176,0.94334,0.98215,0.11729,1
0.38295,0.12474,0.41493,5.9516,0.94419,0.98264,0.11545,1
0.34711,0.12199,0.39672,6.0022,0.94104,0.97973,0.12212,1
0.31101,0.11379,0.38949,6.1698,0.93969,0.9791,0.1245,1
0.31511,0.11444,0.40537,6.3554,0.93856,0.98003,0.127,1
0.29904,0.11401,0.40981,6.4073,0.9389,0.98136,0.12611,1
0.28358,0.11822,0.40903,6.4163,0.93923,0.98193,0.12539,1
0.31589,0.11611,0.40721,6.4823,0.9378,0.98141,0.12856,1
0.32112,0.11358,0.41293,6.5447,0.93639,0.98109,0.13145,1
0.33748,0.11211,0.41513,6.521,0.93602,0.98077,0.13233,1
0.32015,0.11691,0.42432,6.5818,0.93469,0.98148,0.13482,1
0.2677,0.10809,0.44268,4.557,0.95454,0.98069,0.092939,1
0.32825,0.091151,0.41456,3.1288,0.97234,0.99118,0.056101,1
0.31309,0.091624,0.41591,3.1621,0.97193,0.99097,0.056836,1
0.30657,0.088961,0.41901,3.2329,0.9714,0.99072,0.058012,1
0.30766,0.090955,0.41715,3.271,0.97053,0.99052,0.059743,1
0.30649,0.091984,0.41821,3.3034,0.96973,0.99039,0.061297,1
0.30944,0.097836,0.41674,3.3247,0.96957,0.99047,0.061628,1
0.28322,0.084173,0.3812,3.216,0.96811,0.99208,0.066184,1
0.28558,0.086199,0.37799,3.1932,0.96776,0.99214,0.066562,1
0.30819,0.13174,0.34963,3.7332,0.96569,0.99301,0.070837,1
0.30593,0.13441,0.35441,3.8057,0.96522,0.99291,0.071875,1
0.29877,0.13093,0.36105,3.8949,0.96492,0.99283,0.072682,1
0.31547,0.12724,0.36505,3.9062,0.96475,0.99274,0.073164,1
0.31084,0.12242,0.36937,3.9512,0.96423,0.99261,0.074207,1
0.31543,0.11589,0.3779,4.0539,0.96244,0.99213,0.077887,1
0.30459,0.12134,0.38332,4.1009,0.96198,0.99208,0.078609,1
0.3131,0.11805,0.38938,4.0508,0.96007,0.99171,0.0824,1
0.32131,0.12583,0.38468,4.0081,0.9604,0.99169,0.081664,1
0.31828,0.11964,0.38328,3.904,0.96056,0.99145,0.081171,1
0.37794,0.061739,0.44229,4.3995,0.95617,0.97923,0.09252,1
0.37772,0.06095,0.43984,4.3554,0.95646,0.97975,0.092355,1
0.32856,0.083486,0.43232,5.0261,0.94959,0.97955,0.10438,1
0.33116,0.079922,0.4352,5.0148,0.95053,0.97979,0.10269,1
0.32831,0.080612,0.43438,5.0282,0.95033,0.97967,0.10302,1
0.32701,0.083438,0.4335,5.062,0.94985,0.97963,0.10405,1
0.32404,0.08398,0.43428,5.0992,0.94925,0.97947,0.10553,1
0.30753,0.096391,0.43964,5.1268,0.95506,0.98257,0.093588,1
0.3198,0.096094,0.44286,5.1227,0.95545,0.98275,0.093093,1
0.31193,0.10078,0.43797,5.1559,0.95443,0.98238,0.094874,1
0.31811,0.10085,0.43886,5.1098,0.9544,0.98226,0.09498,1
0.32241,0.10111,0.43832,5.0832,0.95436,0.98218,0.09483,1
0.32946,0.078453,0.43997,3.6162,0.96373,0.98312,0.072805,1
0.32842,0.081455,0.4422,3.7735,0.96217,0.98289,0.076057,1
0.31222,0.060909,0.42551,4.5604,0.95748,0.98032,0.097062,1
0.3164,0.058381,0.42929,4.5729,0.9561,0.98069,0.10005,1
0.33495,0.079299,0.40156,2.9899,0.9717,0.99243,0.057596,1
0.33347,0.079953,0.40048,3.0337,0.97131,0.99235,0.058366,1
0.33239,0.081528,0.39863,3.0581,0.97098,0.99223,0.059063,1
0.33122,0.081382,0.40032,3.0702,0.97097,0.99226,0.059117,1
0.33065,0.080789,0.40173,3.0726,0.97109,0.9923,0.058869,1
0.32821,0.08195,0.4004,3.088,0.97096,0.99231,0.059054,1
0.32624,0.079708,0.40166,3.0736,0.97106,0.99229,0.058826,1
0.32664,0.080912,0.40138,3.0833,0.97107,0.9923,0.058865,1
0.32981,0.084235,0.40013,3.0988,0.97119,0.99242,0.058611,1
0.32648,0.083648,0.40041,3.0945,0.97106,0.99238,0.058866,1
0.32852,0.084826,0.40025,3.1016,0.97097,0.99237,0.059079,1
0.32784,0.085848,0.40023,3.1167,0.97093,0.99238,0.059148,1
0.32371,0.083512,0.40087,3.0924,0.97122,0.99242,0.05857,1
0.32542,0.085525,0.40018,3.1091,0.97089,0.99237,0.059206,1
0.32382,0.082868,0.401,3.0877,0.97114,0.9924,0.058751,1
0.32504,0.084572,0.3999,3.1109,0.97102,0.99246,0.058979,1
0.35961,0.063585,0.44197,4.925,0.95906,0.98228,0.08937,1
0.35706,0.06422,0.42568,4.8168,0.95855,0.98039,0.090529,1
0.35197,0.062241,0.42856,4.7981,0.95846,0.98019,0.090922,1
0.35233,0.063861,0.42181,4.7754,0.95759,0.97885,0.093238,1
0.33915,0.057063,0.4301,5.1012,0.95646,0.98021,0.095922,1
0.33486,0.058097,0.43365,5.1614,0.95626,0.98044,0.096517,1
0.38976,0.06961,0.43003,4.1679,0.95729,0.98251,0.088856,1
0.41118,0.068288,0.43021,4.1002,0.95776,0.98253,0.087811,1
0.40523,0.069662,0.43136,4.0818,0.95811,0.98253,0.087355,1
0.43143,0.068294,0.43748,4.0383,0.95673,0.98159,0.090247,1
0.41561,0.071809,0.43431,4.0575,0.95818,0.98245,0.087564,1
0.45104,0.074184,0.437,4.095,0.95878,0.98249,0.086546,1
0.42897,0.07336,0.43509,4.1218,0.9592,0.98285,0.086032,1
0.42388,0.073825,0.43371,4.1656,0.95832,0.98266,0.088406,1
0.42614,0.072211,0.43716,4.1596,0.95805,0.98291,0.089166,1
0.42506,0.071715,0.4353,4.1147,0.95936,0.98384,0.086426,1
0.41935,0.074264,0.43301,4.1276,0.95912,0.98387,0.086785,1
0.331,0.10554,0.36555,3.0852,0.97336,0.99447,0.055473,1
0.307,0.076026,0.42717,2.9828,0.97083,0.98861,0.059359,1
0.30208,0.074597,0.42819,2.974,0.97119,0.9886,0.058657,1
0.30268,0.074143,0.42418,2.9853,0.97147,0.98813,0.058118,1
0.2707,0.07554,0.41061,3.3911,0.96719,0.98913,0.067409,1
0.4214,0.53214,0.11974,4.5013,0.97502,0.98125,0.050394,2
0.41082,0.54764,0.11261,4.0885,0.97678,0.98197,0.046865,2
0.41601,0.535,0.11863,4.4227,0.97544,0.981,0.049467,2
0.41263,0.54338,0.11708,4.2695,0.97644,0.98195,0.047402,2
0.41685,0.53195,0.12342,4.5463,0.97483,0.9814,0.050615,2
0.41707,0.54022,0.12175,4.3629,0.97592,0.98201,0.048432,2
0.4157,0.35813,0.20775,5.6328,0.95171,0.97728,0.096657,2
0.40646,0.36421,0.20505,5.6349,0.95101,0.97657,0.098052,2
0.40042,0.39394,0.18965,5.6281,0.95022,0.97473,0.09965,2
0.40884,0.36821,0.19818,5.8752,0.94818,0.97246,0.10374,2
0.39976,0.38475,0.18873,5.709,0.94962,0.97147,0.10084,2
0.36405,0.29119,0.41118,5.4603,0.94102,0.97486,0.11898,2
0.36745,0.28926,0.41334,5.4789,0.93963,0.97448,0.12178,2
0.37911,0.29252,0.4007,5.563,0.94019,0.97456,0.12074,2
0.37751,0.29382,0.3953,5.5759,0.93915,0.97352,0.12266,2
0.37671,0.28945,0.39363,5.602,0.93828,0.9726,0.12443,2
0.38105,0.29038,0.38405,5.6748,0.9371,0.97146,0.12672,2
0.38844,0.28108,0.37456,5.8183,0.93853,0.97244,0.12391,2
0.36217,0.31743,0.35288,6.2484,0.93843,0.98003,0.12436,2
0.36425,0.32741,0.34551,6.1981,0.94028,0.9816,0.12082,2
0.36339,0.30565,0.35758,6.2847,0.93671,0.98126,0.12789,2
0.36856,0.31766,0.35141,6.1495,0.94377,0.9843,0.11389,2
0.40179,0.29387,0.36599,6.1777,0.93695,0.98453,0.12739,2
0.40237,0.30624,0.35866,6.0775,0.94127,0.98558,0.11892,2
0.40112,0.31527,0.35231,6.0221,0.94375,0.98589,0.11405,2
0.40074,0.30885,0.35334,6.1537,0.93977,0.9842,0.12204,2
0.39766,0.31452,0.34617,6.1763,0.94086,0.98411,0.11994,2
0.3982,0.29756,0.34849,6.2778,0.93536,0.98179,0.13087,2
0.39486,0.30569,0.33856,6.2279,0.93834,0.98229,0.12492,2
0.38547,0.31394,0.31883,6.3842,0.93915,0.98166,0.12308,2
0.38559,0.29861,0.32577,6.4976,0.93393,0.97979,0.13349,2
0.38492,0.30626,0.32225,6.4487,0.9359,0.98046,0.12956,2
0.4058,0.44286,0.15222,6.0044,0.95798,0.97086,0.085401,2
0.40003,0.43444,0.15728,6.1864,0.95444,0.96785,0.092575,2
0.38467,0.44442,0.15283,6.0077,0.95718,0.96964,0.087188,2
0.37701,0.44156,0.15841,6.0291,0.95598,0.9699,0.089642,2
0.37015,0.47785,0.1813,6.9814,0.94381,0.96045,0.11654,2
0.41415,0.40563,0.16254,5.4087,0.95762,0.96798,0.085292,2
0.37569,0.43191,0.16659,6.2787,0.94994,0.96614,0.10161,2
0.36905,0.43911,0.16561,6.2363,0.95069,0.96636,0.10027,2
0.39149,0.39797,0.21775,6.3957,0.94824,0.96912,0.10398,2
0.39445,0.38212,0.22314,6.4847,0.94574,0.96806,0.10895,2
0.39113,0.39134,0.21478,6.4311,0.94835,0.96956,0.10382,2
0.4007,0.38688,0.21121,6.4254,0.94829,0.96955,0.10384,2
0.39279,0.40019,0.20603,6.3514,0.95126,0.97138,0.097942,2
0.37899,0.3947,0.2113,6.5277,0.94934,0.97074,0.10194,2
0.38563,0.44234,0.23114,5.8881,0.95028,0.96827,0.099878,2
0.38493,0.44505,0.22664,5.8451,0.95116,0.96812,0.098154,2
0.3858,0.43129,0.23052,5.9583,0.94832,0.96624,0.10386,2
0.38746,0.44035,0.22066,5.9314,0.94948,0.96506,0.1015,2
0.38459,0.44295,0.21506,6.0447,0.94785,0.96225,0.10492,2
0.37928,0.42974,0.18602,6.0914,0.95035,0.96527,0.10044,2
0.38411,0.41312,0.19471,6.1916,0.94647,0.96416,0.10822,2
0.37268,0.42388,0.19318,6.1766,0.94728,0.96535,0.10673,2
0.38295,0.40602,0.21242,6.3561,0.94442,0.97117,0.1126,2
0.38637,0.3877,0.22141,6.5003,0.94026,0.96915,0.12092,2
0.37737,0.40636,0.21272,6.3318,0.94452,0.97117,0.1124,2
0.38374,0.40381,0.21341,6.306,0.94471,0.97156,0.11198,2
0.38663,0.39037,0.21952,6.4026,0.94228,0.97027,0.11683,2
0.38605,0.39217,0.21683,6.4439,0.94045,0.96564,0.12023,2
0.3806,0.41897,0.20131,6.2028,0.94692,0.96689,0.10718,2
0.38667,0.42888,0.19618,6.162,0.9474,0.96551,0.10641,2
0.39138,0.40639,0.20642,6.3692,0.94168,0.96179,0.11777,2
0.38379,0.42206,0.19887,6.2394,0.94465,0.96302,0.11187,2
0.38114,0.43597,0.193,6.291,0.94506,0.96169,0.11115,2
0.38655,0.4295,0.19543,6.3036,0.94492,0.96198,0.11122,2
0.38107,0.44488,0.19139,6.2806,0.94632,0.96351,0.10872,2
0.42749,0.44345,0.19304,6.1486,0.95036,0.97611,0.10198,2
0.43488,0.43041,0.20159,6.3705,0.94502,0.97452,0.11252,2
0.43279,0.44078,0.19856,6.2596,0.94845,0.97614,0.1057,2
0.43208,0.43592,0.20038,6.3687,0.94631,0.9751,0.10987,2
0.42909,0.42929,0.20216,6.4468,0.94358,0.97381,0.11529,2
0.42946,0.4462,0.17759,6.5303,0.9436,0.96411,0.11489,2
0.42782,0.42876,0.18566,6.7519,0.93663,0.95943,0.12884,2
0.42638,0.44327,0.17743,6.6021,0.94106,0.95978,0.11986,2
0.42367,0.45479,0.17005,6.487,0.94478,0.96066,0.11235,2
0.42324,0.4551,0.16809,6.4791,0.94481,0.95932,0.11207,2
0.42209,0.45449,0.16884,6.4791,0.94414,0.95787,0.11355,2
0.41968,0.45827,0.16707,6.5859,0.94208,0.95254,0.11738,2
0.42075,0.42579,0.19377,6.5434,0.93904,0.95246,0.12224,2
0.42081,0.40863,0.19891,6.695,0.93548,0.95066,0.12937,2
0.41812,0.43589,0.18189,6.4548,0.94153,0.95392,0.11738,2
0.42464,0.44245,0.17885,6.4087,0.94295,0.954,0.11454,2
0.42557,0.43248,0.18231,6.4884,0.94117,0.95187,0.11814,2
0.42721,0.44368,0.17372,6.4281,0.94445,0.95097,0.11159,2
0.43229,0.44447,0.16935,6.4405,0.94377,0.94372,0.11292,2
0.43423,0.44936,0.15928,6.5242,0.94346,0.92729,0.11361,2
0.40608,0.37658,0.1698,5.9504,0.9476,0.95382,0.1049,2
0.40796,0.3632,0.17723,5.8976,0.94883,0.95702,0.10243,2
0.49294,0.47799,0.207,6.3813,0.94192,0.97,0.11683,2
0.49665,0.47038,0.21399,6.4686,0.94008,0.96917,0.12047,2
0.4875,0.50444,0.19771,6.0689,0.94634,0.97258,0.10788,2
0.49605,0.4894,0.20951,6.2828,0.94244,0.97101,0.11555,2
0.49167,0.50385,0.20304,6.114,0.94525,0.9725,0.11,2
0.4906,0.49232,0.20926,6.231,0.94207,0.97148,0.11636,2
0.48915,0.50156,0.20651,6.1222,0.94317,0.972,0.11416,2
0.4877,0.49509,0.20891,6.1898,0.94237,0.97189,0.1157,2
0.48121,0.52286,0.19684,5.8418,0.94752,0.97406,0.10535,2
0.48415,0.51498,0.20247,5.9421,0.94481,0.97283,0.11066,2
0.47808,0.50806,0.20234,5.9498,0.94487,0.97378,0.11061,2
0.47838,0.51851,0.19646,5.8233,0.94756,0.97417,0.10523,2
0.48615,0.52213,0.1906,5.8296,0.94847,0.97275,0.10343,2
0.39978,0.34647,0.21862,6.7388,0.94223,0.96632,0.11638,2
0.42608,0.57274,0.073191,4.6497,0.98051,0.90798,0.041502,2
0.42258,0.56895,0.074426,4.7205,0.9789,0.90321,0.04492,2
0.42051,0.5708,0.072409,4.635,0.97947,0.90201,0.043797,2
0.41584,0.57237,0.072905,4.6139,0.97901,0.90477,0.044684,2
0.41376,0.57745,0.070568,4.4289,0.9809,0.91238,0.040775,2
0.41778,0.57141,0.076137,4.6399,0.97696,0.90353,0.048473,2
0.40259,0.47792,0.16985,5.1732,0.96173,0.97628,0.077076,2
0.40733,0.46259,0.17802,5.3213,0.9581,0.9747,0.084226,2
0.40249,0.46941,0.17504,5.2547,0.95971,0.97544,0.081128,2
0.40279,0.47849,0.17095,5.183,0.96145,0.97578,0.077672,2
0.3989,0.46901,0.17585,5.3233,0.95851,0.97304,0.083627,2
0.40152,0.46984,0.17558,5.2546,0.95927,0.97271,0.081999,2
0.412,0.45561,0.18029,5.3817,0.95689,0.97067,0.086708,2
0.37711,0.43088,0.19319,5.9439,0.95265,0.96016,0.095629,2
0.36276,0.44563,0.19255,5.8113,0.95371,0.96132,0.093407,2
0.37385,0.43285,0.19584,5.7843,0.9524,0.95937,0.09614,2
0.38391,0.45823,0.17835,5.6407,0.95798,0.96107,0.08512,2
0.38132,0.4483,0.1794,5.826,0.95507,0.95949,0.090933,2
0.42138,0.39852,0.16425,5.9847,0.95339,0.96361,0.093322,2
0.41756,0.40161,0.16618,5.9441,0.9533,0.96595,0.093577,2
0.41697,0.39681,0.16641,6.0181,0.95206,0.96433,0.096081,2
0.41792,0.39525,0.16949,6.0969,0.94863,0.96123,0.10301,2
0.42284,0.37706,0.17898,6.2695,0.94612,0.96043,0.10809,2
0.40969,0.37936,0.18024,6.1609,0.94732,0.96344,0.10553,2
0.41218,0.46167,0.17352,5.1901,0.96594,0.97657,0.069146,2
0.41111,0.45899,0.17742,5.2478,0.96481,0.97666,0.071423,2
0.41676,0.44595,0.18365,5.4016,0.96263,0.97583,0.075747,2
0.41113,0.45698,0.17788,5.235,0.96456,0.97731,0.071889,2
0.42032,0.43339,0.19029,5.5584,0.95877,0.97505,0.083477,2
0.40898,0.46335,0.17657,5.2299,0.9647,0.97839,0.071848,2
0.42566,0.43906,0.1891,5.6225,0.95701,0.97446,0.087182,2
0.41404,0.45291,0.17881,5.3975,0.96053,0.97544,0.080151,2
0.42131,0.45012,0.17501,5.552,0.95728,0.96729,0.086485,2
0.4283,0.47929,0.13821,5.2079,0.96727,0.96733,0.065884,2
0.42644,0.48138,0.1403,5.1679,0.96688,0.96713,0.066691,2
0.434,0.47026,0.14542,5.3731,0.96324,0.96437,0.073975,2
0.41701,0.47678,0.14268,5.4801,0.95947,0.95986,0.081492,2
0.44995,0.46489,0.1555,5.2159,0.96657,0.97352,0.068308,2
0.43484,0.48836,0.14212,4.7598,0.97028,0.97554,0.061049,2
0.45597,0.46308,0.15214,5.335,0.9663,0.97013,0.069149,2
0.44249,0.49258,0.13471,5.0278,0.96964,0.96723,0.062359,2
0.44723,0.49116,0.13433,5.1152,0.96943,0.96543,0.062611,2
0.44585,0.50299,0.12742,5.1888,0.96817,0.96068,0.065077,2
0.43371,0.48872,0.1376,5.6288,0.96614,0.96486,0.070347,2
0.4197,0.47385,0.16308,5.6196,0.96315,0.96902,0.07414,2
0.41555,0.46117,0.17243,5.9276,0.95354,0.9609,0.093255,2
0.40979,0.45041,0.18018,6.1074,0.94874,0.9572,0.10289,2
0.39811,0.4655,0.17864,6.1896,0.94615,0.9525,0.10812,2
0.401,0.45938,0.17999,6.28,0.94398,0.94907,0.11248,2
0.39421,0.47163,0.17516,6.1808,0.94674,0.94971,0.10694,2
0.40993,0.43613,0.19629,6.4307,0.93618,0.94271,0.12797,2
0.46258,0.53664,0.091803,5.3318,0.9724,0.91054,0.056611,2
0.46086,0.53541,0.094583,5.2472,0.97108,0.91604,0.059278,2
0.47068,0.53361,0.097755,5.251,0.97045,0.92049,0.060669,2
0.47301,0.52007,0.10313,5.4032,0.96931,0.92324,0.062923,2
0.41809,0.41392,0.19686,6.3285,0.94773,0.96905,0.10523,2
0.3999,0.44039,0.18412,6.0967,0.95251,0.96974,0.095698,2
0.40449,0.43811,0.18317,6.2358,0.95123,0.96717,0.098272,2
0.40367,0.45397,0.16959,6.0693,0.95341,0.96418,0.094021,2
0.36755,0.39596,0.1761,5.5547,0.94903,0.96332,0.10228,2
0.38636,0.36661,0.18826,5.7657,0.94301,0.95774,0.1143,2
0.37052,0.40357,0.17158,5.6386,0.9486,0.95953,0.10313,2
0.38443,0.40238,0.17033,5.725,0.94703,0.95676,0.10628,2
0.36245,0.37584,0.18179,5.6329,0.94349,0.93572,0.11331,2
0.39089,0.34255,0.19675,5.6473,0.9419,0.9341,0.11644,2
0.40827,0.43497,0.13599,5.9186,0.94974,0.91314,0.10084,2
0.41103,0.45589,0.12659,5.7748,0.95605,0.92155,0.088296,2
0.43021,0.44072,0.13098,6.0186,0.953,0.92082,0.094303,2
0.44023,0.4562,0.12359,5.7362,0.96205,0.93743,0.076236,2
0.4284,0.47461,0.11347,5.3612,0.96921,0.94789,0.061931,2
0.44409,0.45422,0.12468,5.6193,0.963,0.94675,0.074442,2
0.43529,0.46101,0.12184,5.4631,0.96518,0.95159,0.070024,2
0.42514,0.47969,0.11366,5.0381,0.97191,0.96204,0.056615,2
0.45035,0.43671,0.13524,5.6503,0.95896,0.95036,0.082485,2
0.43206,0.43533,0.13649,5.4978,0.96131,0.95646,0.077804,2
0.41562,0.45767,0.12913,4.9993,0.96793,0.96515,0.064627,2
0.4045,0.43058,0.14688,5.175,0.96365,0.96861,0.073191,2
0.41253,0.38568,0.17013,5.5326,0.95329,0.96937,0.094073,2
0.39932,0.39235,0.16939,5.4622,0.9545,0.97081,0.091746,2
0.39089,0.38039,0.17521,5.5445,0.95084,0.96767,0.099104,2
0.38437,0.39377,0.1686,5.3879,0.95396,0.96839,0.092905,2
0.39143,0.36469,0.18196,5.6551,0.94638,0.9619,0.10796,2
0.37075,0.37693,0.17686,5.5276,0.94774,0.96116,0.1052,2
0.38814,0.35685,0.18652,5.7844,0.94148,0.95446,0.1177,2
0.36287,0.39616,0.16829,5.73,0.94444,0.9495,0.11197,2
0.37492,0.36534,0.18334,5.7447,0.9407,0.94473,0.11932,2
0.38231,0.33196,0.19794,5.8996,0.93639,0.93433,0.12783,2
0.40723,0.41264,0.14954,6.2221,0.94172,0.92392,0.11735,2
0.4099,0.42684,0.13912,6.0519,0.94774,0.92816,0.10535,2
0.41079,0.4415,0.13126,5.8289,0.95494,0.93707,0.090921,2
0.42091,0.43294,0.13448,5.9591,0.95358,0.93791,0.09361,2
0.4169,0.44451,0.12928,5.6623,0.96201,0.9526,0.076847,2
0.42635,0.4363,0.1341,5.7231,0.96156,0.95574,0.077678,2
0.42377,0.39618,0.16308,5.8481,0.95085,0.96658,0.099025,2
0.40649,0.40479,0.15775,5.7196,0.95358,0.96633,0.093554,2
0.37853,0.38887,0.18762,6.0685,0.94188,0.95471,0.11827,2
0.4053,0.43339,0.16346,5.948,0.94781,0.96009,0.10669,2
0.4328,0.40524,0.17701,6.2808,0.938,0.95566,0.1263,2
0.42971,0.41144,0.17089,6.1174,0.94476,0.96203,0.11275,2
0.43122,0.41016,0.17098,6.0339,0.94851,0.96493,0.10523,2
0.44,0.39686,0.1725,6.11,0.94629,0.9627,0.10957,2
0.4255,0.40429,0.16516,5.9597,0.95424,0.96926,0.093889,2
0.41889,0.40015,0.16769,5.8498,0.95715,0.97302,0.088111,2
0.41618,0.42413,0.16104,5.3953,0.96366,0.9785,0.074861,2
0.42593,0.39418,0.17856,5.6961,0.95673,0.97667,0.088545,2
0.41675,0.39654,0.17882,5.6096,0.95834,0.97819,0.085039,2
0.41047,0.43628,0.17031,5.8297,0.95245,0.96622,0.095725,2
0.42224,0.44254,0.16012,5.759,0.95657,0.96932,0.0876,2
0.41262,0.45679,0.15478,5.563,0.96037,0.97216,0.079972,2
0.42349,0.43735,0.16446,5.7342,0.95589,0.96985,0.088937,2
0.41899,0.42617,0.16939,5.7516,0.95415,0.96881,0.092329,2
0.43799,0.44131,0.15506,5.7974,0.96349,0.98432,0.074401,2
0.39576,0.34576,0.2072,6.1328,0.93736,0.96867,0.12567,2
0.38826,0.33308,0.21953,6.1413,0.93442,0.96974,0.13157,2
0.38151,0.3235,0.22625,6.1083,0.93301,0.97037,0.13436,2
0.41769,0.38991,0.1996,5.9799,0.93964,0.97705,0.12129,2
0.40915,0.39867,0.19732,5.8775,0.94384,0.97883,0.11287,2
0.42154,0.39023,0.20422,5.9815,0.93865,0.97555,0.12326,2
0.44036,0.44866,0.14726,5.3887,0.96781,0.98395,0.065021,2
0.4461,0.46761,0.12702,5.7319,0.96948,0.97788,0.061949,2
0.44765,0.46047,0.13322,5.7739,0.96876,0.9799,0.063369,2
0.44345,0.44923,0.13909,5.8663,0.96603,0.97938,0.068824,2
0.43919,0.4567,0.13939,5.6055,0.96992,0.98343,0.06111,2
0.39622,0.40714,0.16023,5.6789,0.95063,0.97193,0.099718,2
0.39853,0.39136,0.18391,6.0034,0.94452,0.97786,0.11203,2
0.3892,0.38761,0.18714,6.0931,0.94098,0.9761,0.11905,2
0.38184,0.39816,0.1826,6.1495,0.94195,0.97479,0.11701,2
0.37749,0.39039,0.18533,6.3076,0.93725,0.97009,0.12625,2
0.37897,0.37516,0.19049,6.4521,0.93198,0.96447,0.13677,2
0.4405,0.41593,0.16779,5.8473,0.95637,0.98144,0.087462,2
0.4354,0.4141,0.17168,5.8097,0.95438,0.98056,0.091418,2
0.41876,0.43945,0.15821,5.3507,0.96543,0.98507,0.06933,2
0.43676,0.42094,0.1639,5.485,0.95792,0.98028,0.084389,2
0.42734,0.4383,0.15164,5.1201,0.96681,0.98353,0.066521,2
0.44833,0.41985,0.15569,5.4738,0.95854,0.97605,0.08309,2
0.44171,0.42269,0.1465,5.499,0.95842,0.96893,0.08336,2
0.42252,0.44263,0.13334,5.2535,0.96561,0.97018,0.068974,2
0.40324,0.39295,0.15988,6.0264,0.94758,0.95183,0.10531,2
0.39578,0.38327,0.17222,6.1112,0.94341,0.95845,0.11371,2
0.39515,0.36262,0.19549,6.1411,0.94046,0.96761,0.1196,2
0.41981,0.42171,0.16755,5.812,0.95611,0.97799,0.088309,2
0.40902,0.43429,0.16429,5.7014,0.95827,0.98001,0.084089,2
0.42258,0.42308,0.17201,5.8879,0.9528,0.97859,0.095058,2
0.42392,0.42846,0.16865,5.8552,0.95385,0.97925,0.092959,2
0.42021,0.44965,0.14496,5.366,0.96936,0.98574,0.061668,2
0.43928,0.42021,0.16244,5.8402,0.95636,0.98075,0.087618,2
0.42695,0.41906,0.16643,5.794,0.9577,0.98297,0.084865,2
0.431,0.41452,0.17213,5.7457,0.95732,0.98394,0.085645,2
0.41412,0.43346,0.16354,5.3791,0.96637,0.98761,0.067533,2
0.43022,0.43561,0.16442,5.2932,0.96824,0.98827,0.063701,2
0.44001,0.42414,0.16876,5.5117,0.96408,0.98626,0.072017,2
0.3899,0.39903,0.17845,5.9539,0.94481,0.97427,0.11115,2
0.39105,0.38111,0.19024,6.0757,0.93949,0.9732,0.12161,2
0.37638,0.39581,0.18458,6.0772,0.93976,0.9731,0.121,2
0.37528,0.37937,0.19217,6.2578,0.9335,0.96899,0.13334,2
0.38536,0.3614,0.19827,6.3497,0.9283,0.96508,0.14367,2
0.4032,0.41735,0.16713,6.1986,0.94199,0.96977,0.11642,2
0.41081,0.4702,0.13347,5.5656,0.96347,0.97485,0.073599,2
0.43894,0.46481,0.12934,5.8409,0.96007,0.95783,0.080568,2
0.4442,0.48053,0.10836,5.7627,0.96403,0.92999,0.072572,2
0.44933,0.46545,0.13932,5.0019,0.9744,0.98861,0.051847,2
0.45834,0.45245,0.14576,5.2516,0.97021,0.98677,0.060215,2
0.44831,0.46115,0.13922,5.0742,0.97315,0.98752,0.054422,2
0.44857,0.46074,0.13645,5.1361,0.9721,0.98591,0.056557,2
0.44416,0.46762,0.123,5.1467,0.97272,0.98055,0.055423,2
0.44706,0.47124,0.11343,5.2601,0.97076,0.97016,0.05927,2
0.43889,0.48714,0.10212,5.0361,0.97366,0.9672,0.05351,2
0.39259,0.40785,0.21015,5.6126,0.94943,0.9813,0.10266,2
0.38372,0.42458,0.20296,5.4262,0.95315,0.98274,0.095167,2
0.3852,0.43103,0.20089,5.3673,0.95336,0.98274,0.094794,2
0.39084,0.39771,0.21508,5.6539,0.94825,0.98049,0.10469,2
0.38378,0.42792,0.20178,5.3736,0.95174,0.98141,0.09787,2
0.39391,0.3897,0.21683,5.6359,0.94999,0.98034,0.10135,2
0.43437,0.54491,0.081368,4.4255,0.98214,0.96544,0.036216,2
0.42503,0.55321,0.07518,4.2165,0.98417,0.96849,0.032092,2
0.41913,0.56348,0.070433,3.9637,0.98548,0.97003,0.029482,2
0.4369,0.54409,0.079872,4.3598,0.98273,0.9649,0.035119,2
0.43252,0.55319,0.074441,4.0696,0.98644,0.97077,0.027676,2
0.4344,0.51919,0.094613,4.2412,0.98275,0.973,0.03517,2
0.36498,0.51469,0.13293,4.6776,0.96673,0.96694,0.06774,2
0.39148,0.49704,0.14295,5.0285,0.96404,0.9674,0.072733,2
0.37451,0.52823,0.12855,4.7278,0.96774,0.96942,0.065449,2
0.39624,0.50735,0.13604,4.965,0.9653,0.96681,0.070261,2
0.37392,0.46581,0.15571,4.8669,0.96588,0.97576,0.068905,2
0.36743,0.48237,0.14859,4.7187,0.96707,0.97589,0.066547,2
0.3884,0.44943,0.16096,5.0622,0.96289,0.97309,0.07495,2
0.38135,0.46198,0.15496,4.9133,0.96494,0.97414,0.070836,2
0.36554,0.48679,0.14476,4.6633,0.96685,0.97485,0.067107,2
0.37535,0.45566,0.16009,4.9102,0.96308,0.9734,0.074449,2
0.37737,0.43102,0.17273,5.0475,0.95976,0.97225,0.080986,2
0.46602,0.52303,0.10386,5.259,0.97511,0.94878,0.050281,2
0.4739,0.5097,0.11549,5.6723,0.9686,0.94144,0.063315,2
0.46967,0.51302,0.10865,5.4251,0.97248,0.94185,0.055471,2
0.46943,0.50241,0.11363,5.6018,0.96989,0.93876,0.060648,2
0.46142,0.50701,0.10972,5.4288,0.97238,0.94273,0.055653,2
0.45787,0.51422,0.10706,5.2383,0.97401,0.94699,0.052427,2
0.45531,0.5,0.12035,5.6445,0.96766,0.94541,0.065244,2
0.45653,0.50286,0.11907,5.5912,0.96787,0.94603,0.064839,2
0.45193,0.51062,0.11477,5.4118,0.96988,0.94856,0.060822,2
0.46025,0.49744,0.12205,5.6523,0.96575,0.94426,0.069122,2
0.45969,0.50295,0.11253,5.3259,0.9703,0.94737,0.059795,2
0.46251,0.48919,0.11797,5.4877,0.96777,0.94571,0.064829,2
0.40681,0.42087,0.15962,5.6686,0.95623,0.97791,0.087747,2
0.4022,0.41663,0.15969,5.7364,0.95349,0.9753,0.093339,2
0.39756,0.43144,0.15031,5.5305,0.95747,0.97626,0.085319,2
0.39138,0.45074,0.13061,5.4831,0.9583,0.96624,0.083864,2
0.36436,0.38596,0.20311,5.7619,0.9435,0.97901,0.11351,2
0.36947,0.36153,0.21731,5.9047,0.93968,0.97717,0.121,2
0.36823,0.36458,0.21444,5.8973,0.9407,0.97702,0.11896,2
0.35464,0.38391,0.20282,5.7646,0.94587,0.97566,0.10865,2
0.37603,0.34579,0.21132,5.8816,0.94225,0.96713,0.11591,2
0.35012,0.36327,0.20299,5.7444,0.94495,0.96479,0.11055,2
0.4039,0.36825,0.18963,6.0157,0.94224,0.96071,0.11592,2
0.3922,0.40749,0.17141,5.8708,0.95106,0.981,0.098262,2
0.38616,0.41203,0.17186,5.7292,0.9533,0.98237,0.093794,2
0.38819,0.39422,0.18171,5.8679,0.94766,0.98061,0.10512,2
0.38456,0.39748,0.18138,5.8013,0.94972,0.98179,0.10093,2
0.38044,0.38147,0.19086,5.8833,0.94626,0.98084,0.10773,2
0.36826,0.39235,0.1866,5.7692,0.9503,0.98241,0.099696,2
0.36525,0.39057,0.18832,5.7158,0.94909,0.98194,0.10212,2
0.36217,0.39859,0.18566,5.5604,0.9521,0.98306,0.09606,2
0.35917,0.4042,0.18458,5.4625,0.95378,0.98361,0.092779,2
0.36104,0.38375,0.19376,5.4574,0.95184,0.9829,0.096643,2
0.37141,0.3754,0.19918,5.5248,0.95034,0.98211,0.099605,2
0.37714,0.36792,0.20067,5.519,0.95015,0.98116,0.1001,2
0.37859,0.37464,0.19497,5.4275,0.95261,0.98122,0.095201,2
0.40778,0.41104,0.15734,5.862,0.94465,0.93563,0.11156,2
0.39835,0.42551,0.15079,5.7109,0.94796,0.9384,0.10489,2
0.41489,0.40512,0.16075,5.8603,0.94423,0.93561,0.1124,2
0.40599,0.39977,0.16217,5.8429,0.94363,0.93521,0.11357,2
0.40106,0.41629,0.15763,5.5117,0.94777,0.94643,0.10527,2
0.40505,0.41758,0.15419,5.4714,0.95079,0.95022,0.099293,2
0.45204,0.4746,0.11559,5.475,0.96644,0.95548,0.068203,2
0.46323,0.46556,0.1177,5.5904,0.96751,0.95758,0.066127,2
0.44696,0.49163,0.10307,5.0716,0.97773,0.96961,0.045725,2
0.45593,0.47448,0.11616,5.382,0.97219,0.96382,0.057061,2
0.44707,0.49982,0.11451,4.9981,0.97673,0.97083,0.047513,2
0.47724,0.47053,0.14027,5.7981,0.95945,0.95682,0.081816,2
0.45756,0.4875,0.12974,5.5797,0.96491,0.959,0.071191,2
0.45798,0.51496,0.1206,5.1691,0.97294,0.96923,0.055241,2
0.48143,0.49683,0.13365,5.641,0.9647,0.96461,0.071758,2
0.45609,0.5042,0.12593,5.3268,0.96924,0.96858,0.062489,2
0.46632,0.48787,0.13871,5.6763,0.96067,0.96172,0.080063,2
0.41619,0.45056,0.16786,5.5378,0.95339,0.96396,0.094529,2
0.41861,0.46416,0.16211,5.5006,0.95432,0.96321,0.092555,2
0.4224,0.48615,0.11266,5.4273,0.97014,0.96649,0.060869,2
0.42786,0.47627,0.11698,5.561,0.96791,0.96469,0.065354,2
0.43494,0.45752,0.12848,5.9104,0.96012,0.95861,0.080886,2
0.42358,0.4749,0.11881,5.5418,0.96847,0.96663,0.064232,2
0.43409,0.46738,0.12304,5.7358,0.96499,0.96254,0.071343,2
0.43326,0.4666,0.1237,5.775,0.96377,0.96093,0.073769,2
0.42503,0.47782,0.11782,5.5846,0.96775,0.96415,0.065826,2
0.43433,0.46757,0.12349,5.7935,0.96413,0.96049,0.072994,2
0.43142,0.45841,0.12922,5.9202,0.9606,0.95704,0.079967,2
0.42796,0.47373,0.12193,5.6879,0.96556,0.96112,0.070163,2
0.42924,0.47602,0.1212,5.6574,0.9661,0.96141,0.069167,2
0.42879,0.48487,0.11671,5.4814,0.96911,0.96397,0.063183,2
0.43951,0.46703,0.12382,5.7186,0.96538,0.96108,0.070441,2
0.43244,0.45813,0.12773,5.796,0.96316,0.96064,0.074774,2
0.38698,0.3597,0.19365,6.1198,0.94236,0.95922,0.11675,2
0.37221,0.37931,0.18542,6.017,0.94558,0.96013,0.11036,2
0.38716,0.38794,0.16401,5.8829,0.94642,0.94558,0.10809,2
0.38864,0.36848,0.17167,6.1363,0.9382,0.93303,0.12453,2
0.37958,0.37048,0.17002,6.2079,0.93703,0.92603,0.12682,2
0.38203,0.36775,0.1712,6.2558,0.93526,0.92037,0.13052,2
0.37726,0.35299,0.17898,6.3202,0.93141,0.91719,0.13815,2
0.36048,0.36966,0.1728,6.2243,0.9341,0.92037,0.13285,2
0.38898,0.35936,0.17572,6.3226,0.93063,0.91716,0.13966,2
0.40142,0.46153,0.11949,5.7672,0.95687,0.93263,0.087448,2
0.42531,0.43955,0.12718,5.9904,0.95144,0.92826,0.098311,2
0.41983,0.44841,0.12006,5.8914,0.95557,0.92919,0.090008,2
0.41667,0.46785,0.11011,5.5457,0.96389,0.94028,0.07339,2
0.40233,0.41472,0.17408,5.4506,0.95788,0.97898,0.085296,2
0.39408,0.42379,0.1684,5.5405,0.95576,0.9754,0.089642,2
0.41158,0.40647,0.15281,5.8616,0.95385,0.95672,0.093303,2
0.4137,0.39816,0.15753,5.8751,0.95238,0.95643,0.096278,2
0.41738,0.40132,0.15699,5.7379,0.95334,0.95844,0.094233,2
0.36931,0.38912,0.19699,5.8509,0.94628,0.97971,0.10816,2
0.39084,0.40952,0.18215,5.7427,0.95375,0.98295,0.093191,2
0.39051,0.39478,0.18967,5.8753,0.94983,0.98166,0.10108,2
0.37884,0.40817,0.18283,5.7075,0.9545,0.98336,0.091561,2
0.38195,0.4069,0.18128,5.7433,0.95397,0.98274,0.092707,2
0.38438,0.37497,0.19727,6.0286,0.94314,0.97745,0.11429,2
0.37836,0.37735,0.19181,5.993,0.94436,0.97601,0.11175,2
0.36817,0.40169,0.17982,5.7888,0.9511,0.978,0.09832,2
0.4125,0.37604,0.182,6.0663,0.94478,0.97205,0.111,2
0.37289,0.41335,0.16332,5.7825,0.95356,0.97471,0.093445,2
0.39855,0.37906,0.17626,6.143,0.94299,0.96622,0.11466,2
0.35883,0.41638,0.16315,5.8745,0.95125,0.9696,0.098153,2
0.38324,0.40295,0.18345,5.4997,0.95404,0.96434,0.092361,2
0.38914,0.41299,0.1759,5.3943,0.95651,0.96593,0.087364,2
0.38089,0.44061,0.16035,5.0876,0.9613,0.96807,0.077731,2
0.40414,0.46256,0.13319,5.2258,0.96591,0.9664,0.068582,2
0.40067,0.46648,0.13215,5.2328,0.96509,0.96531,0.070223,2
0.35274,0.37845,0.22523,5.2813,0.94511,0.9749,0.11034,2
0.37486,0.36854,0.2298,5.3206,0.94428,0.97439,0.11195,2
0.35648,0.3903,0.22463,5.2124,0.94595,0.97519,0.10864,2
0.37706,0.36837,0.23242,5.3107,0.94531,0.97488,0.10986,2
0.35602,0.37014,0.23612,5.1587,0.95127,0.97825,0.098029,2
0.3883,0.33771,0.22964,4.8524,0.95935,0.97984,0.081667,2
0.39684,0.32174,0.23673,4.9264,0.95791,0.97923,0.084528,2
0.38411,0.34123,0.22851,4.8502,0.95938,0.97974,0.081598,2
0.38582,0.34438,0.22745,4.8384,0.95965,0.97994,0.081066,2
0.38555,0.33615,0.2305,4.8508,0.95923,0.97972,0.081916,2
0.38572,0.34245,0.22833,4.8383,0.9593,0.97976,0.081759,2
0.36877,0.46267,0.14848,6.0066,0.94886,0.9485,0.10391,2
0.36322,0.48316,0.13979,5.7999,0.95473,0.95336,0.092194,2
0.35134,0.43948,0.16037,5.9741,0.94689,0.95262,0.10766,2
0.32788,0.49208,0.14044,5.4735,0.96079,0.96442,0.079991,2
0.35188,0.45775,0.15272,5.7155,0.95455,0.96036,0.092551,2
0.36463,0.48462,0.13708,5.4917,0.96012,0.96176,0.081477,2
0.29258,0.41921,0.26382,6.6257,0.92827,0.95826,0.14591,2
0.28935,0.43809,0.25915,6.677,0.92862,0.95994,0.14542,2
0.29689,0.43231,0.26193,6.7357,0.92785,0.96023,0.14703,2
0.28956,0.44022,0.26021,6.7224,0.92833,0.96116,0.14608,2
0.32499,0.38129,0.2769,6.688,0.92681,0.95708,0.14875,2
0.29672,0.41319,0.26513,6.6299,0.92807,0.95802,0.14639,2
0.38872,0.53703,0.10729,5.5273,0.96841,0.9576,0.064457,2
0.36635,0.52565,0.11896,5.9574,0.96005,0.95389,0.081031,2
0.37649,0.50567,0.1289,5.0038,0.97026,0.97633,0.060466,2
0.38766,0.52407,0.11791,4.7673,0.9738,0.97787,0.053297,2
0.3199,0.40531,0.20575,6.1229,0.95062,0.97456,0.098986,2
0.32408,0.41568,0.20012,6.0225,0.95391,0.97609,0.092526,2
0.30462,0.37716,0.34671,6.9498,0.93205,0.9797,0.13738,2
0.31078,0.38246,0.33669,6.9823,0.93149,0.9787,0.13863,2
0.32795,0.35898,0.33104,6.952,0.92806,0.97555,0.14534,2
0.31745,0.38555,0.31479,6.8967,0.93068,0.97612,0.14,2
0.30744,0.41127,0.29546,6.9849,0.93055,0.97472,0.14042,2
0.30693,0.41272,0.29232,6.9024,0.93027,0.97359,0.14076,2
0.29739,0.41103,0.29258,6.7819,0.93137,0.97341,0.13863,2
0.37501,0.47316,0.18469,7.5108,0.92456,0.92336,0.15376,2
0.3857,0.44909,0.19704,7.6347,0.91581,0.91562,0.17114,2
0.36992,0.46112,0.19229,7.5402,0.91881,0.9182,0.16514,2
0.36717,0.47922,0.18591,7.4143,0.92393,0.92221,0.15492,2
0.38268,0.48025,0.18585,7.7107,0.9191,0.91517,0.16447,2
0.37308,0.50165,0.17953,7.6357,0.92338,0.919,0.15601,2
0.39026,0.4804,0.18956,7.7729,0.91801,0.91642,0.16644,2
0.38647,0.48002,0.1928,7.8573,0.91626,0.9149,0.16955,2
0.38126,0.48693,0.19313,7.8128,0.91707,0.91603,0.16783,2
0.37396,0.48994,0.19264,7.7225,0.91869,0.91745,0.1639,2
0.37748,0.31195,0.22194,5.9612,0.93328,0.92604,0.13392,2
0.38241,0.38137,0.18003,5.9624,0.94186,0.94194,0.11689,2
0.40411,0.37578,0.18137,5.9606,0.94206,0.94321,0.1165,2
0.39589,0.39252,0.17279,5.8014,0.94984,0.9508,0.10096,2
0.40561,0.39644,0.17103,5.7197,0.95062,0.95253,0.099533,2
0.40246,0.39499,0.17229,5.6746,0.95018,0.95352,0.10041,2
0.40051,0.38902,0.17751,5.6955,0.94849,0.95769,0.10379,2
0.39564,0.38463,0.17963,5.6461,0.94864,0.95819,0.10348,2
0.39474,0.3799,0.18409,5.6693,0.94684,0.95812,0.10706,2
0.38621,0.35463,0.20047,5.7693,0.94239,0.95859,0.11592,2
0.3738,0.32126,0.22089,5.8413,0.93871,0.95941,0.12322,2
0.34971,0.32807,0.2236,5.6635,0.94216,0.96322,0.11631,2
0.3655,0.30724,0.23143,5.6787,0.9406,0.96169,0.11947,2
0.34044,0.3126,0.23349,5.6313,0.94101,0.95911,0.11869,2
0.3437,0.30808,0.26297,6.463,0.92755,0.95675,0.14753,2
0.33908,0.31876,0.26409,6.4103,0.9294,0.95792,0.14372,2
0.4106,0.46841,0.15798,6.0241,0.94863,0.96723,0.10336,2
0.41303,0.44865,0.16799,6.269,0.94223,0.9649,0.11608,2
0.40389,0.46219,0.16261,6.0441,0.94708,0.96817,0.10636,2
0.39851,0.45368,0.17225,6.0719,0.94615,0.97143,0.10822,2
0.39742,0.45125,0.17578,6.0568,0.94582,0.97211,0.10894,2
0.44976,0.53215,0.11288,5.6722,0.96542,0.92751,0.070032,2
0.45007,0.51917,0.12031,6.0382,0.95958,0.91591,0.081693,2
0.42978,0.53424,0.11118,5.8011,0.96381,0.91902,0.073389,2
0.42802,0.53288,0.1112,5.8343,0.96232,0.91652,0.076218,2
0.43604,0.51685,0.11973,6.1617,0.95695,0.91182,0.086947,2
0.42565,0.51466,0.12077,6.2096,0.95523,0.91119,0.090436,2
0.39811,0.48232,0.13976,6.718,0.94148,0.90251,0.118,2
0.38198,0.48743,0.14449,6.8164,0.9387,0.90431,0.12347,2
0.38193,0.47606,0.15594,7.0573,0.93195,0.90384,0.13681,2
0.39701,0.45078,0.16738,7.2842,0.92486,0.89917,0.15099,2
0.38074,0.4616,0.16466,7.1717,0.92782,0.90319,0.14511,2
0.36866,0.43034,0.20346,6.6312,0.94074,0.9688,0.12031,2
0.33214,0.42794,0.21237,6.6123,0.9378,0.96627,0.12569,2
0.37309,0.38347,0.22678,6.7995,0.93124,0.96242,0.13881,2
0.34062,0.41057,0.21482,6.6535,0.93513,0.96307,0.13108,2
0.32861,0.44161,0.20337,6.5153,0.93969,0.96506,0.12159,2
0.35364,0.42463,0.21031,6.534,0.93841,0.96446,0.12399,2
0.37907,0.41922,0.20953,6.5496,0.93279,0.97337,0.13451,2
0.3941,0.43607,0.18376,6.4904,0.94048,0.97287,0.11916,2
0.38133,0.46318,0.1683,6.0607,0.9515,0.9769,0.09713,2
0.40156,0.44749,0.1731,6.2794,0.94573,0.97234,0.10866,2
0.3917,0.46284,0.16229,6.089,0.95104,0.97262,0.098047,2
0.39727,0.47756,0.15344,5.9246,0.95516,0.97317,0.089824,2
0.40364,0.48858,0.15848,6.4106,0.94273,0.95567,0.1148,2
0.41697,0.49242,0.14593,6.427,0.94493,0.95339,0.11047,2
0.36901,0.46049,0.1895,7.1078,0.93943,0.96143,0.12488,2
0.3835,0.42614,0.20589,7.3836,0.92693,0.95475,0.1495,2
0.36772,0.46007,0.19298,7.0842,0.93872,0.96173,0.12593,2
0.36502,0.46372,0.19234,7.0374,0.94,0.96307,0.12342,2
0.37852,0.45006,0.19583,7.1588,0.9367,0.96058,0.13007,2
0.38098,0.43392,0.20061,7.3381,0.9306,0.95634,0.1422,2
0.3702,0.4712,0.18319,7.0319,0.94296,0.96208,0.11791,2
0.37436,0.46436,0.18652,7.0225,0.94216,0.96115,0.11975,2
0.37584,0.46272,0.18604,7.0471,0.94194,0.96089,0.12023,2
0.38388,0.44846,0.1925,7.1927,0.93659,0.95758,0.13085,2
0.36998,0.46628,0.18614,7.0296,0.94176,0.96013,0.12058,2
0.33419,0.035002,0.45379,1.7344,0.98668,0.99233,0.026648,3
0.32662,0.038133,0.44527,1.7491,0.98579,0.99183,0.02843,3
0.37763,0.036481,0.44783,1.8018,0.98471,0.99122,0.030603,3
0.33151,0.044239,0.4424,1.8506,0.98357,0.99115,0.032866,3
0.32961,0.042902,0.44326,1.8696,0.98284,0.99118,0.034324,3
0.34115,0.041231,0.45352,2.094,0.98398,0.98742,0.032151,3
0.30077,0.044338,0.44862,2.1188,0.98429,0.98821,0.031543,3
0.29707,0.045447,0.44847,2.1497,0.98428,0.98861,0.031504,3
0.30264,0.046835,0.43847,2.1536,0.98354,0.98856,0.032982,3
0.38721,0.073624,0.45816,3.8087,0.97249,0.9837,0.055023,3
0.39188,0.074287,0.45815,3.7893,0.97284,0.98421,0.054329,3
0.39589,0.073823,0.45497,3.8218,0.97206,0.98338,0.055876,3
0.40071,0.073248,0.45668,3.8238,0.97301,0.98396,0.053997,3
0.39871,0.062013,0.45818,3.7726,0.9771,0.98371,0.045882,3
0.40042,0.062267,0.45787,3.7825,0.97717,0.98392,0.045719,3
0.40482,0.061016,0.45928,3.7866,0.97732,0.98423,0.045511,3
0.41641,0.06397,0.45772,3.7539,0.97705,0.98451,0.045995,3
0.41179,0.061457,0.45708,3.7362,0.97727,0.98484,0.045579,3
0.39723,0.061026,0.4547,3.7509,0.97701,0.98546,0.046125,3
0.35332,0.048166,0.44289,3.86,0.96741,0.98311,0.065533,3
0.34838,0.048492,0.44336,3.8129,0.96757,0.98331,0.065157,3
0.34345,0.048969,0.44291,3.8312,0.96736,0.98335,0.0655,3
0.32336,0.047868,0.44009,3.7912,0.96736,0.9828,0.065506,3
0.31485,0.049999,0.43604,3.7514,0.96721,0.98261,0.065723,3
0.38961,0.083647,0.46118,4.2236,0.96552,0.98146,0.06929,3
0.38651,0.082726,0.45542,4.2132,0.96571,0.98092,0.068868,3
0.36467,0.099911,0.46761,4.0711,0.96731,0.98461,0.065958,3
0.37594,0.094801,0.4538,4.1301,0.96821,0.98349,0.064141,3
0.38228,0.089442,0.45446,4.0996,0.96785,0.98376,0.064879,3
0.38349,0.09013,0.45393,4.1079,0.96835,0.98397,0.063811,3
0.37928,0.088885,0.45322,4.1485,0.96774,0.98398,0.065179,3
0.38804,0.087682,0.45123,4.1387,0.96857,0.98472,0.063412,3
0.3882,0.087722,0.44971,4.2234,0.96697,0.98382,0.066702,3
0.31772,0.050521,0.42282,1.9594,0.98206,0.99336,0.035931,3
0.32291,0.049333,0.42473,2.0208,0.98118,0.99301,0.037687,3
0.33917,0.053939,0.4273,2.0614,0.9803,0.99274,0.039423,3
0.36566,0.032453,0.45299,1.6966,0.9842,0.98965,0.031601,3
0.36695,0.032697,0.45264,1.6676,0.98488,0.99027,0.030253,3
0.36646,0.031988,0.45269,1.6198,0.98581,0.99095,0.028384,3
0.35557,0.034042,0.45028,1.6293,0.98609,0.99121,0.027827,3
0.36256,0.032957,0.45126,1.6298,0.98611,0.99124,0.027811,3
0.36459,0.032615,0.45239,1.6232,0.98606,0.9912,0.027901,3
0.35381,0.033876,0.4512,1.6046,0.98569,0.99094,0.028611,3
0.36812,0.051217,0.45114,3.0715,0.98117,0.99019,0.037717,3
0.34045,0.11533,0.38316,3.4713,0.96297,0.99166,0.076842,3
0.33801,0.11154,0.38498,3.4444,0.96352,0.9917,0.075599,3
0.33319,0.10586,0.38629,3.3931,0.96423,0.99178,0.074241,3
0.33629,0.10762,0.38648,3.4178,0.96418,0.99177,0.074036,3
0.33121,0.10466,0.38855,3.3659,0.96466,0.99177,0.073025,3
0.33628,0.10772,0.38909,3.4017,0.96476,0.99175,0.072724,3
0.33374,0.10632,0.3911,3.378,0.96491,0.99168,0.072481,3
0.33643,0.11124,0.38972,3.3503,0.96558,0.99192,0.070823,3
0.33578,0.11046,0.39031,3.2448,0.96706,0.99229,0.067616,3
0.34069,0.10675,0.39175,3.1632,0.96764,0.99241,0.06647,3
0.34214,0.10911,0.38936,3.0394,0.96899,0.99273,0.063407,3
0.34385,0.11008,0.38881,2.9634,0.97019,0.99303,0.061156,3
0.3399,0.10728,0.38801,2.898,0.97099,0.99316,0.059407,3
0.34047,0.11044,0.38888,2.8876,0.97161,0.99327,0.058417,3
0.34029,0.10949,0.39021,2.8482,0.9723,0.9934,0.056914,3
0.34353,0.10762,0.39226,2.7821,0.97334,0.99357,0.054731,3
0.34573,0.10431,0.39368,2.7415,0.97416,0.99366,0.053127,3
0.35463,0.10897,0.39187,2.7414,0.97481,0.99379,0.051607,3
0.35076,0.10298,0.39632,2.6921,0.97503,0.99373,0.051148,3
0.3514,0.10247,0.39666,2.6475,0.97632,0.9939,0.048423,3
0.35068,0.061972,0.43773,2.135,0.98196,0.99296,0.036264,3
0.35068,0.061972,0.43773,2.135,0.98196,0.99296,0.036264,3
0.3523,0.061174,0.43929,2.132,0.9822,0.99299,0.035774,3
0.3523,0.061174,0.43929,2.132,0.9822,0.99299,0.035774,3
0.33354,0.060716,0.43851,2.1187,0.98208,0.99285,0.036026,3
0.34492,0.058846,0.44119,2.1078,0.98244,0.99293,0.035282,3
0.3315,0.058561,0.43919,2.0998,0.98229,0.99281,0.035563,3
0.32666,0.060235,0.43624,2.126,0.9816,0.99259,0.036983,3
0.36403,0.067958,0.42873,2.4491,0.97978,0.99134,0.041568,3
0.33589,0.060684,0.43148,2.43,0.97896,0.9909,0.043245,3
0.3331,0.061227,0.43373,2.4353,0.97892,0.99092,0.043412,3
0.33356,0.06157,0.43507,2.4373,0.97907,0.99088,0.04331,3
0.34183,0.063109,0.43654,2.4207,0.97987,0.9913,0.041896,3
0.27623,0.10566,0.39919,3.1541,0.96675,0.99088,0.067028,3
0.27787,0.098146,0.39673,3.1548,0.96683,0.99091,0.066881,3
0.28283,0.098523,0.39672,3.1506,0.96746,0.99111,0.065748,3
0.27903,0.095323,0.39673,3.1054,0.96853,0.9914,0.063644,3
0.28728,0.1008,0.39122,3.1681,0.96656,0.9911,0.06751,3
0.3554,0.06393,0.43077,1.974,0.98533,0.99427,0.029914,3
0.35362,0.062523,0.43175,1.9551,0.98555,0.99432,0.029396,3
0.35617,0.062608,0.43195,1.9471,0.9855,0.99434,0.029482,3
0.35352,0.06099,0.43374,1.8964,0.9862,0.99456,0.028018,3
0.35961,0.064295,0.43132,1.9303,0.98537,0.99433,0.02968,3
0.38572,0.063402,0.43209,1.9155,0.98577,0.99448,0.028824,3
0.38351,0.061343,0.43315,1.9027,0.98608,0.99455,0.028145,3
0.36082,0.064146,0.42932,1.9411,0.98513,0.9943,0.030176,3
0.39132,0.06112,0.43253,1.9194,0.98567,0.99446,0.029085,3
0.33977,0.063391,0.43101,1.9185,0.98556,0.99441,0.029312,3
0.34042,0.061611,0.43072,1.9146,0.98589,0.99454,0.028696,3
0.33373,0.063548,0.42983,1.9339,0.98527,0.99438,0.029907,3
0.3443,0.063686,0.42939,1.9254,0.98577,0.99462,0.028894,3
0.33968,0.059632,0.43288,1.906,0.9862,0.99471,0.027982,3
0.34044,0.062193,0.43003,1.9194,0.98579,0.99459,0.028809,3
0.3357,0.060551,0.42971,1.9047,0.98598,0.99461,0.028454,3
0.33672,0.062552,0.42733,1.9269,0.98563,0.99457,0.029092,3
0.33892,0.061485,0.42735,1.9235,0.9859,0.99465,0.028599,3
0.33699,0.058724,0.43098,1.9047,0.98625,0.99478,0.027899,3
0.3429,0.061118,0.42998,1.9311,0.98551,0.99465,0.029352,3
0.33897,0.062562,0.4261,1.9871,0.98431,0.99436,0.031717,3
0.34573,0.063064,0.42558,1.9914,0.98391,0.99422,0.032515,3
0.33276,0.085415,0.43967,3.3372,0.97892,0.9869,0.044542,3
0.33611,0.084836,0.44462,3.303,0.97998,0.98633,0.042249,3
0.33371,0.084192,0.44804,3.2947,0.98056,0.98448,0.041532,3
0.30583,0.062233,0.46354,2.3083,0.97929,0.9839,0.041414,3
0.29937,0.064005,0.46608,2.3397,0.9783,0.98262,0.043404,3
0.38206,0.04872,0.44834,2.3488,0.97896,0.98869,0.042518,3
0.35702,0.070781,0.47018,2.5348,0.98184,0.98351,0.036439,3
0.36042,0.067441,0.47461,2.5648,0.98104,0.98182,0.038028,3
0.37081,0.068746,0.46869,2.6151,0.97996,0.98146,0.040186,3
0.34901,0.050902,0.4351,2.7279,0.98039,0.98856,0.039555,3
0.31939,0.040635,0.44618,1.4403,0.98731,0.99298,0.025469,3
0.35181,0.052056,0.43536,2.1548,0.98037,0.99194,0.039394,3
0.31912,0.038881,0.44828,1.4272,0.98741,0.99302,0.025259,3
0.32597,0.041665,0.44523,1.4274,0.98664,0.99298,0.026827,3
0.32153,0.041839,0.44669,1.5121,0.98588,0.99272,0.02843,3
0.31411,0.042024,0.44291,1.5251,0.98542,0.9924,0.029295,3
0.31311,0.04299,0.44085,1.5354,0.98542,0.99237,0.0293,3
0.31759,0.044229,0.44237,1.5373,0.98574,0.99248,0.0287,3
0.32412,0.044146,0.44225,1.5315,0.98661,0.99297,0.026971,3
0.35396,0.052253,0.43336,1.8323,0.98298,0.99337,0.034319,3
0.33788,0.051813,0.43614,1.8028,0.98323,0.99333,0.033804,3
0.33105,0.050937,0.43899,1.7891,0.98237,0.9929,0.035535,3
0.32605,0.052309,0.44008,1.7896,0.9835,0.9933,0.033333,3
0.34091,0.053977,0.44115,1.7921,0.98326,0.9931,0.033816,3
0.33847,0.054266,0.4414,1.8031,0.98267,0.99287,0.035107,3
0.35202,0.056163,0.44029,1.8058,0.98273,0.99291,0.035016,3
0.34373,0.053017,0.4409,1.7976,0.98392,0.99327,0.032711,3
0.31569,0.051196,0.44058,1.7954,0.98386,0.99308,0.032958,3
0.30776,0.052481,0.43617,1.8034,0.98409,0.99287,0.03247,3
0.30895,0.050775,0.43711,1.8025,0.98399,0.99284,0.032705,3
0.31227,0.052591,0.4371,1.819,0.9841,0.99296,0.032444,3
0.37106,0.058887,0.47446,2.7134,0.98296,0.98504,0.034198,3
0.34626,0.056454,0.42705,2.0391,0.9835,0.99364,0.033005,3
0.34485,0.057879,0.42751,2.0337,0.9832,0.99354,0.033611,3
0.34986,0.059422,0.42718,2.0538,0.98267,0.99337,0.034672,3
0.40658,0.07038,0.39863,2.2229,0.97938,0.99422,0.041477,3
0.40834,0.07206,0.39647,2.1991,0.97978,0.99428,0.040696,3
0.40381,0.067115,0.40174,2.1661,0.9799,0.99422,0.040497,3
0.40953,0.068348,0.40221,2.1363,0.98075,0.99443,0.038744,3
0.41116,0.067924,0.40145,2.0906,0.98108,0.99452,0.038081,3
0.40697,0.066653,0.4025,2.1134,0.98101,0.99454,0.038226,3
0.40554,0.064923,0.40371,2.0862,0.98132,0.99464,0.037573,3
0.41062,0.065843,0.40634,2.0994,0.98146,0.99474,0.037292,3
0.29808,0.073394,0.40171,3.1511,0.97017,0.98979,0.061347,3
0.30275,0.076071,0.39888,3.1943,0.97003,0.98987,0.06161,3
0.30138,0.075583,0.40049,3.1898,0.96997,0.98983,0.061787,3
0.29772,0.072724,0.40253,3.1548,0.96986,0.98971,0.061893,3
0.29972,0.075217,0.39993,3.1779,0.97006,0.98986,0.061539,3
0.30437,0.077068,0.399,3.1696,0.96995,0.98984,0.061767,3
0.29913,0.076109,0.40068,3.1668,0.97001,0.98983,0.061685,3
0.29938,0.07467,0.40103,3.1599,0.97,0.9898,0.061607,3
0.34598,0.10181,0.49059,3.154,0.97159,0.96438,0.056879,3
0.34653,0.10342,0.49396,3.1306,0.97157,0.96766,0.056904,3
0.32284,0.12463,0.40529,1.9059,0.98151,0.99464,0.037444,3
0.31389,0.12927,0.40337,1.9212,0.98223,0.99484,0.036095,3
0.29409,0.063445,0.43838,2.2655,0.98014,0.99218,0.040267,3
0.29143,0.062643,0.43046,2.2551,0.98085,0.99289,0.038806,3
0.3141,0.065009,0.42537,2.2617,0.98153,0.99361,0.037368,3
0.33414,0.071791,0.415,2.3179,0.97991,0.99377,0.040618,3
0.34497,0.071269,0.41073,2.3298,0.98005,0.99428,0.040205,3
0.34768,0.07186,0.41639,2.3088,0.97988,0.99439,0.040402,3
0.34864,0.077049,0.41528,2.2304,0.98107,0.99483,0.037885,3
0.33407,0.079635,0.41343,2.1316,0.98324,0.99539,0.033517,3
0.35308,0.041332,0.44714,1.8696,0.98304,0.98945,0.03406,3
0.34135,0.042135,0.43817,2.051,0.98001,0.99,0.040162,3
0.34804,0.043603,0.43935,2.0455,0.98048,0.99034,0.039182,3
0.35034,0.041717,0.44419,1.978,0.9807,0.99048,0.038734,3
0.35527,0.041696,0.4443,1.9463,0.98092,0.99029,0.038285,3
0.36067,0.041062,0.44273,1.9591,0.98067,0.99045,0.038739,3
0.3717,0.036668,0.45083,1.9827,0.98042,0.99026,0.039273,3
0.30807,0.059333,0.44763,2.417,0.97874,0.98791,0.042937,3
0.30496,0.058558,0.44789,2.4239,0.9788,0.98795,0.042839,3
0.30677,0.059331,0.44638,2.4399,0.97885,0.98806,0.042702,3
0.30628,0.058763,0.44572,2.4323,0.97896,0.98801,0.042502,3
0.29226,0.05832,0.44669,2.4317,0.97837,0.98775,0.043646,3
0.29345,0.057561,0.44669,2.3933,0.97813,0.98793,0.04413,3
0.29774,0.060048,0.43399,2.2138,0.9777,0.98978,0.045103,3
0.29096,0.059913,0.43163,2.1614,0.97781,0.98999,0.04495,3
0.30728,0.060838,0.43255,2.1751,0.97782,0.99048,0.044923,3
0.3057,0.058503,0.43474,2.167,0.9775,0.99031,0.045524,3
0.38969,0.047833,0.43253,2.1036,0.98168,0.9915,0.036675,3
0.38627,0.04753,0.43233,2.1219,0.98004,0.99064,0.039941,3
0.36104,0.047896,0.44171,1.7226,0.98448,0.99287,0.031181,3
0.36675,0.046884,0.44477,1.7759,0.98403,0.99264,0.032102,3
0.36885,0.047271,0.44343,1.7758,0.98414,0.99271,0.031857,3
0.3662,0.047539,0.44037,1.7736,0.98452,0.99302,0.03111,3
0.36512,0.049066,0.43566,1.8548,0.98386,0.9927,0.032427,3
0.33338,0.084639,0.39609,3.1627,0.96781,0.99159,0.06566,3
0.3086,0.084531,0.39576,3.1605,0.96783,0.99156,0.065563,3
0.31656,0.084412,0.3954,3.168,0.96776,0.99152,0.065704,3
0.32089,0.087315,0.39492,3.1892,0.96757,0.99155,0.066117,3
0.31992,0.090209,0.39321,3.2356,0.96744,0.99166,0.066348,3
0.31736,0.089606,0.39395,3.2406,0.9675,0.99166,0.066339,3
0.31763,0.08849,0.3941,3.2317,0.96733,0.99162,0.066542,3
0.31474,0.082854,0.39597,3.2196,0.96736,0.9915,0.066519,3
0.32038,0.085575,0.3946,3.2266,0.96749,0.99154,0.066189,3
0.30979,0.082077,0.39592,3.2304,0.96762,0.99155,0.066018,3
0.32251,0.087666,0.39302,3.2564,0.96738,0.99155,0.066497,3
0.32369,0.081104,0.39627,3.1907,0.96936,0.9918,0.062338,3
0.31962,0.078795,0.39933,3.1572,0.96971,0.99186,0.061717,3
0.31962,0.078733,0.39992,3.101,0.97021,0.99199,0.060634,3
0.32151,0.079899,0.39882,3.1035,0.97049,0.99201,0.060023,3
0.32232,0.079056,0.39858,2.9776,0.9717,0.99227,0.057482,3
0.32603,0.084455,0.39611,2.9851,0.97133,0.99219,0.058195,3
0.32103,0.078322,0.39895,2.9251,0.9719,0.99231,0.057107,3
0.32618,0.079325,0.3979,2.8932,0.97202,0.99226,0.056831,3
0.26479,0.076821,0.38319,3.0548,0.9696,0.99155,0.063003,3
0.2647,0.075567,0.38341,3.0532,0.96969,0.99155,0.062834,3
0.26476,0.075283,0.38369,3.0501,0.96958,0.99152,0.062982,3
0.26594,0.076813,0.38323,3.0567,0.96975,0.9916,0.062685,3
0.2629,0.075959,0.38325,3.0448,0.96962,0.99156,0.062944,3
0.26658,0.078064,0.383,3.0516,0.96987,0.99166,0.062397,3
0.26501,0.077309,0.38289,3.0483,0.96974,0.9916,0.062719,3
0.26241,0.073167,0.38499,3.0165,0.96986,0.99153,0.062437,3
0.26601,0.078659,0.38157,3.0603,0.96972,0.99162,0.062753,3
0.26697,0.077112,0.38253,3.0583,0.9697,0.99159,0.062794,3
0.26804,0.078034,0.38254,3.0678,0.96953,0.99156,0.063126,3
0.26502,0.075773,0.38344,3.0523,0.96961,0.99154,0.062958,3
0.26516,0.078223,0.38299,3.0616,0.96969,0.9916,0.062823,3
0.26636,0.075634,0.38342,3.0491,0.96976,0.99159,0.062639,3
0.33006,0.046322,0.44922,2.5358,0.97465,0.98681,0.051256,3
0.33111,0.045787,0.45142,2.5303,0.97506,0.98724,0.050473,3
0.34024,0.049811,0.44197,2.5636,0.97422,0.98647,0.052256,3
0.336,0.049681,0.44301,2.5667,0.97453,0.98667,0.051609,3
0.33776,0.050249,0.44274,2.5722,0.97433,0.98664,0.051973,3
0.33725,0.050398,0.44201,2.5897,0.97404,0.98642,0.052579,3
0.33677,0.050637,0.4419,2.5941,0.97461,0.98674,0.051428,3
0.33616,0.050688,0.44313,2.6069,0.97404,0.98639,0.052554,3
0.33787,0.05082,0.44216,2.628,0.9743,0.98649,0.052126,3
0.33816,0.049734,0.44315,2.6294,0.97445,0.98644,0.051781,3
0.33533,0.047897,0.42662,2.8948,0.97007,0.98836,0.060404,3
0.33677,0.048955,0.42461,2.8727,0.97045,0.98863,0.059672,3
0.33718,0.047883,0.42601,2.8654,0.97053,0.98871,0.059526,3
0.31339,0.052566,0.42376,2.8885,0.97026,0.98866,0.060044,3
0.33785,0.049215,0.42484,2.8911,0.97069,0.98881,0.059197,3
0.3347,0.048749,0.42484,2.8992,0.97074,0.98881,0.059168,3
0.32821,0.04923,0.42494,2.9122,0.97045,0.98889,0.059705,3
0.33083,0.050934,0.42197,2.9135,0.97054,0.98904,0.059444,3
0.33006,0.049748,0.42316,2.9102,0.97078,0.98919,0.058997,3
0.33331,0.051671,0.42039,2.9253,0.9712,0.98948,0.058136,3
0.32776,0.049713,0.4223,2.9128,0.97112,0.98947,0.058301,3
0.29636,0.056255,0.41951,2.9324,0.97026,0.98924,0.060018,3
0.30814,0.055218,0.42229,2.9352,0.97045,0.98949,0.059618,3
0.29493,0.056194,0.42065,2.927,0.9706,0.98951,0.059267,3
0.29577,0.056678,0.41825,2.9391,0.97,0.98932,0.060534,3
0.29899,0.058801,0.41714,2.9707,0.97009,0.98954,0.060335,3
0.33646,0.078121,0.43497,4.2298,0.95628,0.97939,0.091724,3
0.33334,0.076398,0.43374,4.237,0.95609,0.97811,0.092516,3
0.34936,0.075427,0.43473,4.2869,0.95562,0.97763,0.093283,3
0.35163,0.07556,0.43847,4.3279,0.95545,0.97747,0.093612,3
0.28273,0.044084,0.45473,1.9896,0.98489,0.99015,0.030395,3
0.27684,0.042057,0.45557,2.0055,0.98474,0.99015,0.030673,3
0.32,0.040152,0.44976,2.1125,0.984,0.99159,0.03209,3
0.30468,0.037712,0.44923,2.0818,0.98491,0.99213,0.030257,3
0.29948,0.038217,0.44569,2.0598,0.9849,0.99212,0.030242,3
0.30216,0.035886,0.44368,2.0776,0.98475,0.99211,0.030544,3
0.30374,0.036159,0.44324,2.0998,0.98409,0.99198,0.031873,3
0.28938,0.036617,0.44425,2.1478,0.98278,0.99178,0.034502,3
0.27969,0.043943,0.43935,2.1701,0.98398,0.99216,0.032107,3
0.27791,0.039782,0.44232,2.1066,0.98408,0.99203,0.031887,3
0.28279,0.042417,0.43938,2.0996,0.98452,0.99213,0.030993,3
0.27746,0.038707,0.44271,2.0595,0.98431,0.99212,0.03139,3
0.29095,0.043074,0.44059,2.0239,0.98619,0.99284,0.027652,3
0.29153,0.042038,0.44173,1.9926,0.98614,0.99276,0.027741,3
0.29612,0.043354,0.44096,1.9691,0.98675,0.99306,0.026531,3
0.33911,0.027253,0.45275,1.7243,0.98435,0.98994,0.031372,3
0.339,0.027692,0.45184,1.7174,0.98459,0.99025,0.030842,3
0.34898,0.029566,0.45176,1.7157,0.9847,0.99048,0.03062,3
0.34335,0.030063,0.45122,1.7158,0.98482,0.99057,0.030406,3
0.34025,0.028441,0.45231,1.6898,0.98521,0.99073,0.029628,3
0.32126,0.054028,0.43535,2.8079,0.97931,0.99005,0.041379,3
0.29808,0.058902,0.4356,2.8073,0.97978,0.99028,0.040445,3
0.29376,0.065269,0.42128,2.3394,0.9769,0.98972,0.046451,3
0.30092,0.065053,0.42374,2.356,0.97827,0.98995,0.043814,3
0.28897,0.063269,0.42562,2.3176,0.97983,0.99017,0.040582,3
0.33987,0.033977,0.447,1.3367,0.98681,0.99176,0.026507,3
0.31815,0.033577,0.448,1.347,0.98719,0.99196,0.025685,3
0.33121,0.031964,0.44674,1.359,0.98661,0.99172,0.02686,3
0.33402,0.031487,0.44459,1.3969,0.98663,0.99178,0.026821,3
0.33889,0.032224,0.44649,1.4117,0.98666,0.99189,0.026755,3
0.3423,0.031497,0.45009,1.4438,0.98662,0.99194,0.02682,3
0.29659,0.041318,0.4493,1.43,0.98678,0.99228,0.026598,3
0.2981,0.042109,0.44681,1.4339,0.9872,0.99264,0.025791,3
0.32846,0.035065,0.45124,1.7359,0.98663,0.99225,0.026742,3
0.30496,0.038451,0.44328,1.4156,0.98742,0.99295,0.025321,3
0.3043,0.036027,0.44726,1.4149,0.98735,0.99281,0.025461,3
0.31576,0.034297,0.44873,1.4101,0.98753,0.99294,0.02508,3
0.33652,0.034507,0.44813,1.4666,0.98794,0.99318,0.024296,3
0.32084,0.057136,0.41812,2.0302,0.98155,0.99394,0.037425,3
0.32336,0.056601,0.4194,2.0336,0.98183,0.99396,0.036851,3
0.32793,0.056721,0.41955,2.0655,0.98141,0.99385,0.037677,3
0.32192,0.060045,0.41547,2.1138,0.98018,0.99338,0.040081,3
0.32188,0.059488,0.43033,2.3619,0.97821,0.9924,0.044064,3
0.33111,0.060423,0.42708,2.3658,0.97888,0.99243,0.042683,3
0.32134,0.060889,0.4253,2.4104,0.97896,0.99247,0.042382,3
0.31951,0.063957,0.42122,2.4789,0.97845,0.99225,0.043359,3
0.31948,0.062675,0.42173,2.4685,0.97835,0.99228,0.04356,3
0.31153,0.13465,0.4705,2.4815,0.97838,0.98567,0.04388,3
0.31121,0.13389,0.47263,2.4871,0.97831,0.9855,0.044077,3
0.30909,0.13609,0.47137,2.4777,0.97823,0.98547,0.044239,3
0.31474,0.13799,0.4716,2.4746,0.97843,0.98554,0.043877,3
0.31343,0.13729,0.47315,2.468,0.97839,0.98547,0.043889,3
0.31399,0.13774,0.47207,2.4814,0.97835,0.98542,0.044014,3
0.31369,0.13807,0.47197,2.4873,0.9781,0.98534,0.044448,3
0.31408,0.13843,0.47227,2.4901,0.97813,0.98528,0.044633,3
0.31315,0.13673,0.47361,2.4794,0.97847,0.98555,0.043798,3
0.31292,0.13772,0.47227,2.4909,0.97832,0.98552,0.044074,3
0.31434,0.13756,0.47291,2.4837,0.97817,0.98536,0.044399,3
0.31429,0.13703,0.47261,2.4918,0.97808,0.98533,0.044564,3
0.31463,0.13604,0.47167,2.5054,0.97794,0.98535,0.044887,3
0.30776,0.14083,0.47694,2.4976,0.97809,0.98522,0.04457,3
0.3185,0.1433,0.47574,2.4796,0.97817,0.98521,0.044402,3
0.32381,0.14017,0.46944,2.4939,0.97816,0.98542,0.044431,3
0.31457,0.13666,0.47,2.5337,0.97774,0.98525,0.045273,3
0.32965,0.057424,0.43944,2.4175,0.97807,0.99099,0.0441,3
0.31439,0.060301,0.43525,2.4141,0.97809,0.99068,0.044084,3
0.29564,0.058521,0.43336,2.4246,0.97755,0.99009,0.045106,3
0.31274,0.055724,0.43428,2.4739,0.97655,0.98954,0.047026,3
0.35839,0.05377,0.41342,2.6752,0.97951,0.99312,0.041087,3
0.36389,0.054299,0.41244,2.6568,0.97974,0.99316,0.040653,3
0.34754,0.053531,0.40964,2.6392,0.97994,0.99293,0.040223,3
0.3343,0.055953,0.41583,2.4858,0.98108,0.9937,0.037942,3
0.37741,0.051269,0.41819,2.4555,0.98139,0.9936,0.037332,3
0.36979,0.070438,0.39805,2.5796,0.97839,0.99344,0.043479,3
0.29337,0.084127,0.37236,2.8291,0.97438,0.9938,0.053167,3
0.2956,0.086051,0.37172,2.819,0.97462,0.99382,0.052821,3
0.29435,0.088934,0.36993,2.8349,0.97466,0.99383,0.052663,3
0.29354,0.087029,0.37148,2.8136,0.97488,0.99385,0.052154,3
0.28441,0.081387,0.37401,2.7625,0.97499,0.99381,0.051802,3
0.287,0.083586,0.37333,2.7721,0.97502,0.99382,0.051852,3
0.28264,0.082524,0.3734,2.7568,0.97499,0.9938,0.051723,3
0.28308,0.081587,0.37458,2.7317,0.97545,0.99388,0.050976,3
0.28727,0.083521,0.37383,2.7331,0.97549,0.99394,0.050551,3
0.28295,0.081056,0.37567,2.7299,0.9756,0.99405,0.050452,3
0.2879,0.084054,0.37382,2.7425,0.97562,0.9941,0.050517,3
0.29057,0.088745,0.37185,2.7554,0.97554,0.99417,0.050501,3
0.28552,0.079994,0.37467,2.6976,0.97594,0.99416,0.04953,3
0.29343,0.086561,0.37151,2.7389,0.97597,0.99426,0.049468,3
0.28367,0.080881,0.37413,2.6968,0.97617,0.99427,0.04904,3
0.2901,0.083587,0.37263,2.701,0.97597,0.99426,0.049526,3
0.28972,0.082704,0.37359,2.6984,0.97587,0.99422,0.049578,3
0.28772,0.079295,0.37717,2.7015,0.97588,0.99418,0.049555,3
0.3811,0.076742,0.39503,2.8235,0.97716,0.99172,0.046728,3
0.38336,0.076747,0.39764,2.8248,0.97697,0.99138,0.046995,3
0.38551,0.077783,0.39665,2.8614,0.97737,0.99133,0.046239,3
0.35043,0.075282,0.40301,2.9312,0.97704,0.99094,0.0468,3
0.33878,0.075949,0.40348,3.2059,0.97518,0.991,0.050958,3
0.31774,0.073344,0.40767,3.3271,0.97448,0.99125,0.052292,3
0.29997,0.07697,0.40783,3.3617,0.9726,0.99102,0.056089,3
0.29017,0.078627,0.40389,3.3381,0.97304,0.99131,0.05513,3
0.28186,0.080938,0.4038,3.3345,0.97352,0.99198,0.054294,3
0.21894,0.096096,0.40328,3.0157,0.97112,0.99064,0.05871,3
0.21374,0.095805,0.405,3.0121,0.97102,0.99057,0.058906,3
0.2121,0.097475,0.40362,3.0085,0.971,0.99054,0.058965,3
0.21172,0.097498,0.40336,3.0116,0.97099,0.99047,0.05898,3
0.21413,0.09801,0.4025,3.0433,0.97087,0.99046,0.059258,3
0.2536,0.079616,0.39173,3.0772,0.96834,0.99057,0.064728,3
0.25319,0.077533,0.3946,3.0515,0.96824,0.99038,0.064799,3
0.25566,0.077859,0.39722,3.0542,0.96864,0.99045,0.064003,3
0.25445,0.076531,0.39761,3.0652,0.9691,0.99055,0.063044,3
0.25564,0.07596,0.39686,3.0878,0.96918,0.99062,0.06285,3
0.2636,0.077189,0.39583,3.1461,0.96918,0.99067,0.062912,3
0.32224,0.073226,0.41617,2.4606,0.97921,0.99453,0.042027,3
0.32233,0.07184,0.4177,2.4087,0.97986,0.99462,0.040732,3
0.32123,0.072019,0.41907,2.3591,0.97954,0.99444,0.041357,3
0.31705,0.070969,0.41981,2.3264,0.97985,0.99446,0.040828,3
0.31218,0.069181,0.4201,2.2847,0.98101,0.9947,0.038453,3
0.37056,0.060915,0.45169,3.3017,0.96855,0.98227,0.063992,3
0.35139,0.03478,0.44704,1.925,0.98423,0.99134,0.031637,3
0.34859,0.037614,0.43784,1.8946,0.98377,0.99175,0.032619,3
0.3533,0.040159,0.43505,1.8867,0.98333,0.99177,0.033474,3
0.34726,0.10382,0.36476,3.6915,0.96725,0.99331,0.066114,3
0.34249,0.096933,0.36694,3.6336,0.96749,0.99328,0.065589,3
0.34309,0.1006,0.36509,3.652,0.96722,0.99326,0.066164,3
0.34787,0.10495,0.36423,3.6877,0.96702,0.99325,0.066583,3
0.34433,0.099658,0.36598,3.6594,0.96707,0.99321,0.066508,3
0.34937,0.10623,0.36454,3.7042,0.96693,0.99324,0.066746,3
0.34674,0.099947,0.36629,3.6697,0.96706,0.99323,0.066447,3
0.35045,0.10513,0.36508,3.6937,0.96694,0.99324,0.066715,3
0.34651,0.098382,0.36732,3.6591,0.96715,0.99322,0.066346,3
0.34292,0.096372,0.36714,3.6444,0.96726,0.9932,0.066079,3
0.34273,0.096534,0.36595,3.6315,0.96718,0.99316,0.066216,3
0.35179,0.10441,0.36424,3.6883,0.96706,0.9932,0.066585,3
0.35437,0.10557,0.36528,3.6948,0.96686,0.99319,0.066908,3
0.34919,0.099669,0.36673,3.6694,0.96696,0.99316,0.066713,3
0.34639,0.10142,0.36527,3.6802,0.96707,0.99318,0.0665,3
0.34312,0.095441,0.36756,3.6518,0.96723,0.99316,0.066165,3
0.34695,0.099646,0.36584,3.6798,0.9669,0.99313,0.066816,3
0.34943,0.10096,0.36596,3.6851,0.96676,0.99312,0.067132,3
0.34708,0.097701,0.36691,3.666,0.96695,0.99312,0.066788,3
0.34534,0.097815,0.3666,3.6581,0.96704,0.99313,0.066615,3
0.34243,0.095629,0.36744,3.6433,0.96707,0.99312,0.066479,3
0.34377,0.097836,0.36641,3.6582,0.96686,0.9931,0.066917,3
0.34276,0.097608,0.367,3.6618,0.96685,0.99309,0.066953,3
0.3448,0.097569,0.36677,3.6603,0.96686,0.9931,0.066939,3
0.34505,0.097212,0.36759,3.6504,0.96707,0.99313,0.06648,3
0.3454,0.099908,0.36636,3.6661,0.96699,0.99315,0.066641,3
0.35049,0.10086,0.36617,3.6717,0.96704,0.99318,0.066589,3
0.35172,0.10475,0.36514,3.6887,0.96685,0.99317,0.066959,3
0.34827,0.1018,0.36623,3.6792,0.96697,0.99318,0.066704,3
0.3453,0.098221,0.36665,3.6551,0.96714,0.99317,0.066338,3
0.35041,0.10119,0.3661,3.6694,0.96704,0.99317,0.066558,3
0.34361,0.098042,0.36695,3.6514,0.96716,0.99317,0.066309,3
0.34395,0.095463,0.36802,3.6357,0.96726,0.99316,0.066143,3
0.34369,0.095863,0.36769,3.6367,0.96734,0.99318,0.065914,3
0.34643,0.095922,0.36755,3.6338,0.96713,0.99314,0.066363,3
0.34706,0.099731,0.36665,3.6562,0.9671,0.99317,0.066471,3
0.34354,0.097552,0.36702,3.6489,0.9672,0.99317,0.066223,3
0.34505,0.097533,0.36725,3.6463,0.96708,0.99314,0.066473,3
0.34048,0.094949,0.36814,3.634,0.9673,0.99315,0.066074,3
0.34495,0.097101,0.36734,3.6435,0.96711,0.99314,0.066437,3
0.34357,0.097107,0.36714,3.6533,0.96706,0.99313,0.066542,3
0.34272,0.096207,0.36737,3.6473,0.96714,0.99314,0.066371,3
0.34941,0.10117,0.36613,3.6782,0.9669,0.99315,0.066866,3
0.34303,0.097975,0.36722,3.6618,0.96686,0.9931,0.066957,3
0.3514,0.10642,0.36425,3.708,0.96683,0.99318,0.067013,3
0.34152,0.094772,0.36838,3.6293,0.96748,0.99319,0.065654,3
0.34329,0.095924,0.36763,3.637,0.96727,0.99317,0.066114,3
0.35396,0.10659,0.36433,3.7014,0.96694,0.9932,0.066808,3
0.34203,0.0957,0.36755,3.6443,0.96717,0.99315,0.066289,3
0.34412,0.097822,0.36692,3.6501,0.96704,0.99315,0.066549,3
0.34335,0.095671,0.3677,3.636,0.96731,0.99318,0.065977,3
0.34717,0.099987,0.36639,3.6557,0.96723,0.9932,0.066173,3
0.34411,0.097937,0.3676,3.6523,0.96705,0.99315,0.066522,3
0.34415,0.096616,0.36762,3.6457,0.96727,0.99317,0.066093,3
0.3484,0.10157,0.36581,3.67,0.96702,0.99318,0.066608,3
0.34386,0.097135,0.36731,3.6389,0.96716,0.99316,0.066303,3
0.34814,0.10201,0.36609,3.6813,0.96689,0.99315,0.066879,3
0.34627,0.098846,0.36725,3.6708,0.96668,0.99308,0.067246,3
0.34303,0.096494,0.36791,3.6468,0.96715,0.99314,0.066312,3
0.34606,0.098858,0.36697,3.6712,0.96695,0.99315,0.066714,3
0.35047,0.10253,0.3657,3.6868,0.9671,0.99321,0.066456,3
0.34246,0.096233,0.36757,3.6401,0.9672,0.99316,0.066234,3
0.34492,0.098618,0.36676,3.6586,0.96725,0.99319,0.06618,3
0.34313,0.097641,0.36675,3.6556,0.96705,0.99313,0.066522,3
0.34284,0.097151,0.36694,3.6469,0.96719,0.99315,0.066287,3
0.34335,0.097492,0.36613,3.6446,0.96732,0.99315,0.066048,3
0.35048,0.10582,0.36368,3.6984,0.96691,0.99315,0.066858,3
0.34185,0.09671,0.36697,3.6655,0.96716,0.99313,0.06626,3
0.34013,0.09655,0.36768,3.6508,0.9671,0.99312,0.066369,3
0.34546,0.099372,0.36688,3.6695,0.96725,0.99319,0.066103,3
0.34631,0.10335,0.36561,3.6831,0.96708,0.99321,0.066415,3
0.34355,0.096779,0.36815,3.6334,0.96756,0.99326,0.065412,3
0.33942,0.094592,0.36846,3.624,0.96755,0.99324,0.065458,3
0.34255,0.099835,0.36619,3.6714,0.96704,0.9932,0.066505,3
0.34332,0.098356,0.36692,3.6645,0.96726,0.99325,0.065982,3
0.34128,0.099134,0.36684,3.6844,0.96707,0.99322,0.066431,3
0.34265,0.098194,0.36772,3.677,0.96727,0.99325,0.066078,3
0.33813,0.096625,0.36927,3.6942,0.96683,0.99314,0.066997,3
0.343,0.099414,0.36797,3.733,0.96632,0.99307,0.067995,3
0.31093,0.068604,0.41177,3.3031,0.97289,0.9913,0.055174,3
0.30571,0.065947,0.41366,3.2527,0.97314,0.99136,0.054654,3
0.31117,0.06906,0.41135,3.2721,0.97314,0.99147,0.054621,3
0.31962,0.057228,0.42555,1.7652,0.98539,0.99484,0.029536,3
0.29677,0.10138,0.39081,2.6148,0.97667,0.99451,0.048259,3
0.34016,0.090456,0.41007,2.6477,0.97563,0.99237,0.049083,3
0.34081,0.090441,0.40875,2.6374,0.97573,0.99242,0.048847,3
0.33851,0.091803,0.40801,2.6493,0.97574,0.99247,0.048862,3
0.34625,0.058082,0.40637,2.6257,0.97386,0.99184,0.053069,3
0.35011,0.059642,0.40578,2.6623,0.97354,0.99178,0.053742,3
0.35087,0.060108,0.40548,2.6717,0.97356,0.99178,0.053697,3
0.34724,0.057064,0.40658,2.691,0.97337,0.99165,0.054155,3
0.35515,0.057874,0.40564,2.7204,0.97302,0.99155,0.054877,3
0.35339,0.058222,0.40576,2.7553,0.972,0.99125,0.056854,3
0.35651,0.05941,0.40499,2.7786,0.97166,0.99121,0.057625,3
0.36093,0.061886,0.4042,2.7842,0.9723,0.99148,0.056409,3
0.35531,0.059326,0.4061,2.7795,0.97207,0.99138,0.056941,3
0.35865,0.059896,0.40619,2.7958,0.97188,0.99136,0.057435,3
0.33027,0.061844,0.40483,2.8079,0.97227,0.99152,0.056735,3
0.32908,0.05871,0.40674,2.805,0.9716,0.99128,0.058062,3
0.34846,0.037546,0.44356,1.4392,0.98712,0.99305,0.025829,3
0.34345,0.034968,0.44738,1.4588,0.98657,0.99279,0.026934,3
0.34157,0.036054,0.44418,1.4571,0.98647,0.99273,0.027145,3
0.32307,0.08377,0.3818,2.6658,0.9745,0.99338,0.051345,3
0.29378,0.0573,0.40996,2.9292,0.97101,0.99,0.059954,3
0.29474,0.05516,0.41195,2.8994,0.97146,0.99018,0.058714,3
0.30149,0.056535,0.41095,2.8898,0.97113,0.99011,0.059398,3
0.29812,0.055619,0.41082,2.8621,0.9715,0.99031,0.058591,3
0.29932,0.055108,0.41027,2.8431,0.97204,0.99061,0.057232,3
0.30154,0.05661,0.40746,2.8104,0.97273,0.99105,0.055621,3
0.29956,0.053974,0.40898,2.7557,0.9737,0.99137,0.053551,3
0.2988,0.052428,0.41238,3.3928,0.96681,0.98867,0.068363,3
0.33559,0.058826,0.42604,2.2942,0.97997,0.99231,0.040518,3
0.33133,0.059081,0.42717,2.3228,0.97972,0.9922,0.041062,3
0.32709,0.060661,0.42678,2.3344,0.97963,0.99214,0.041294,3
0.32973,0.059479,0.4258,2.3525,0.97939,0.99207,0.041685,3
0.3305,0.060115,0.42547,2.3812,0.97906,0.992,0.042363,3
0.3243,0.059597,0.42618,2.3894,0.9789,0.99191,0.042736,3
0.32521,0.059945,0.42585,2.4114,0.97866,0.99187,0.043196,3
0.32363,0.060002,0.42682,2.4213,0.97847,0.99181,0.043523,3
0.32491,0.061202,0.42603,2.4297,0.97852,0.99188,0.043368,3
0.32276,0.060068,0.42784,2.4266,0.97865,0.99192,0.043098,3
0.32396,0.059575,0.42685,2.4434,0.97854,0.99185,0.04339,3
0.36054,0.052648,0.4404,2.2034,0.97962,0.99163,0.040862,3
0.35839,0.052067,0.43885,2.1831,0.98014,0.99181,0.039867,3
0.35288,0.05216,0.43827,2.1621,0.98045,0.99204,0.039185,3
